"8j5X5X1/360.jpg","ta","tajak","t'a-t'e","taakhe","takkhe","ta'ala","taala","ta'la","ta'at","taat","ta-tib","tatib"
"360s361.jpg","tatip"
"361.jpg","tab-tub","tap-tup","taba","tabai","tabay","tabak","tabek","tab'ek","tabeng"
"361s362.jpg","tabeue","tabeu"
"362.jpg","tabi","tabiat","tabi'ah","tabib","tabip","tabi'in","tabiin","tabot","tabut","tabsili","tapsili","tapeusili","tabu","tadah","tadi"
"362s363.jpg","ta'eun","taeun","tauun","ta'un"
"363.jpg","taga","tago","meutago","taguen","tagun","tahajud","tahajut","tahajod","tahajot","seumayang tahajud","taharat","taharad"
"363s364.jpg","tahe"
"364.jpg","taheule","tahle","tahkim","tahmid","tahmit","tahred","tahret","tahrem","tahta","tahyeut","tahyeuet","taipah"
"364s365.jpg","tajam"
"365.jpg","tajo","tajoe","tajok","tajong","tajongan","tajuid","tajwid","tajuwid","tajuwit"
"366.jpg","tak","tak-tok","taktok","takai","takat"
"366s367.jpg","takbi","takbe"
"367.jpg","takdi","t'akdi","ta'adi","takeh","takeuen","takeun","takeueng","takeung","meutakeueng","meutakeung","takeuwem","takwem"
"367s368.jpg","taki"
"368.jpg","takkid","teekid","tokid","taklem","t'aklem","taklok","talok","t'aklok","takok","takot","takse"
"369.jpg","takua","takwa","takuwa","takue","taku","takung","takueng","takwi"
"369s370.jpg","tala"
"370.jpg","talab","talap","talak","talam","talar'ok","taleb","talep","taleh"
"370s371.jpg","taleuek","taleuk"
"371.jpg","taleueng","taleung","tali","talo"
"371s372.jpg","taloe"
"372.jpg","talon","pisang talon","taluem","talum","tam","t'am","th'am","t'am-t'um","tam-tum","th'am-th'um","tham-thum"
"372s373.jpg","tamah","tamaih"
"373.jpg","tamam","tamat"
"373s374.jpg","tambak"
"374.jpg","tamban","taman","tambang","tambeh","tambi","tambo","tamboe"
"374s375.jpg","tamboi"
"375.jpg","tamen","tameunyet","tamon","tamong","tampa"
"375s376.jpg","tampai","tampay"
"376.jpg","tampaih","tampah","tampang"
"376s377.jpg","tampeng","tampen"
"377.jpg","tampheuek","tampheuk","tampoe","tampo"
"377s378.jpg","tampok","tampoek"
"378.jpg","tampong","tampoeng","tampu","tampuleng","tampureh","lagee tampureh","tamse"
"378s379.jpg","tamuek","tamuk"
"379.jpg","tan","tanadoi","tanakeh","teunakeh","tanam","papeuen tanam","tanda"
"379s380.jpg","tandaih","tandah"
"380.jpg","tandak","tandang","tandeh","tandi","tandok","t'ang","tang-ilang","lang-ilang","meutang-ilang","tang-kumang","lang-kumang","meutang-kumang","t'ang-t'ing","tang-ting","tangah","tangaih","tangan"
"381.jpg","tangeh","tangeun","gaki tangeun","tangga","
tanggam","tanggilek","keunong tanggilek","tangileng","keunong tanggilek","tangileng","teunggileng"
"381s382.jpg","tanggoe","tanggo"
"382.jpg","tanggoh","tanggong","tangiriek","tangirik","tangiroe","tangiro"
"382s383.jpg","tangkai","tangkay"
"383.jpg","tangkap","tangkab","tangke","tangkeh","tangkeueh","tangkeuh","tangkintong","tuleueng tangkintong"
"384.jpg","tangkoh","tangkoeh","tangkok","tangkop","tangkob","tangkulo"
"384s385.jpg","tangkulok","tangkuloek"
"385.jpg","tanglong","tangkurak","tanie","tanjak","tanjong","tanjoeng"
"385s386.jpg","tanoh","tanoeh"
"386.jpg","tanom","tanoem","tantra","tandra","tanyoe","tanyong","tanpa"
"386s387.jpg","tapak"
"387.jpg","tape","tapeh","tapek"
"387s388.jpg","tapeuse","teupeuse"
"388.jpg","tapih","tapilot","meutapilot","tara"
"388s389.jpg","tarah"
"389.jpg","taraki","tareh"
"389s390.jpg","tari"
"390.jpg","tariek","tarik","tarieng","taring","tarikat"
"390s391.jpg","taroh"
"391.jpg","tarok","tarok","taron","taren","tarong","tarom","sarong","sarom","taruwiah","taruwiyah","tareuwiah","tareuwiyah","tarak","meutasak","tasak","tasak-tasek","tasek"
"391s392.jpg","tasoe","tasoe"
"392.jpg","tat-tat","meutat-tat","t'at-t'it","tat-tit","tatah","tatang"
"393.jpg","tateh","tawa","tawaih","tawajoh","tawajoeh","tawak-tawak","tawak","tawakoh"
"393s394.jpg","tawadok","tawal'ok"
"394.jpg","tawan","tawarok","tawarruk","tawar'ok","taweue","taweu","tawi","tawila","tawil","tawo","tawok"
"394s395.jpg","tayeuen","tayeun"
"395.jpg","te","t'e","te-guble","the-guble","meute-guble","t'e-t'o","teb","tep","teb-teb","tep-tep","teb-leb","beude teb-leb","teb-tob","tep-top","tee","tee-tee","teebat","teehid","tohid"
"395s396.jpg","teelan"
"396.jpg","teephiek","tophiek","teerit","torit","teewakai","tawakai","teh","teh-reh","teh-pureh"
"396s397.jpg","teh-teh"
"397.jpg","teh-toh","deh-doh","kateh-katoh","tek","tek-tek","tek-tok"
"397s398.jpg","tem"
"398.jpg","t'em","ten","teng","t'eng-paneng","teng-paneng","meut'eng paneng","meuteng paneng","teng-tong","t'eng-t'ong","tet","aneuk tet","t'et-t'et","t'et-t'et","t'et-t'ot"
"399.jpg","teu","teue","teubade","teubado","tabadur"
"399s400.jpg","teubai","teubay"
"400.jpg","teubang","teubarok","teubawo","teubee","teubet"
"400s401.jpg","teubiet","teubit"
"401.jpg","teuboih","teubok","teubong","teubueng","teubung"
"401s402.jpg","teubuet","teubut"
"402.jpg","teuceuhud","teuceuhut","teuseuhud","tadeubi","teudoh","teue","teueh-tareueh","treueh-tarpueh","meut(r)eueh-tareueh","teueng","teueng-bayeueng","meuteueng-bayeueng"
"402s403.jpg","teuga"
"403.jpg","teugah","teugang","teugayo","teugayu","teugian","teugiyan","teukian","teukiyan","teugo","teugoh"
"403s404.jpg","teugok"
"404.jpg","teugom","teugoh","teujaki","teujeurit"
"404s405.jpg","teuka"
"405.jpg","teukabo","takabur","teumat","teukeubi","takeubi","teukeubirato","teukeubiratoi","teukeubiraton ehram","teukeudi","takeudi","teukeulid","teukeulit","takeulid","takeulit","takeurem"
"405s406.jpg","teukeuse"
"406.jpg","teukeuseh","teuku","teukui","teuladan","seuladan"
"406s407.jpg","teuleu'ah","teuleuah"
"407.jpg","teuleukin","seuleukin","teulinga","telinga","teulob blanga","bajee teulob blanga","teuma","teumaga","teumalang","teumasa","teumatu","pisang teumatu"
"408.jpg","teumboih","teumboh","teumbon","teumee","teumai","teumeung","teumeng","teumen","seumeng","teumeu'an","teumeu'ah","teumeunggong"
"408s409.jpg","teumeuntuek"
"409.jpg","teumeurui","teumika","timika","teumike","teumirang","seumirang","teumireh","teumok","teumon"
"409s410.jpg","teumpa","tempa"
"410.jpg","teumpat","tempat","teumpe","tumpe","teumpeuen","teumpeun","teunak","teuneulob","teuneulop","seuneulob","seuneulop","teuneun"
"410s411.jpg","teunga"

"411.jpg","teunggeut","teungeut","teungku"
"411s412.jpg","teungoh"
"412s413.jpg","teuntang","tentang"
"413.jpg","teuntee","teunte","teuntai","teuoh"
"413s414.jpg","teuot","teot"
"414.jpg","teupakho","teupako","teupang","teupat",""
"414s415.jpg","teupeuen","teupeun"
"415.jpg","teupi","teupin","teupok","keupok","teupong"








































