"https://res.cloudinary.com/basaaceh/image/upload/q_100/v1599689067/C/134_wktn71.jpg","ca","cab-cib","crab-crib","crib-crib","c'ab-c'ieb","kr'ieb","cabaih","cabah","sabaih","cabak","c'akban","s'akban"
"http://aceh.gurubaru.com/aboebakar/134s135.jpg","cabeh"
"https://res.cloudinary.com/basaaceh/image/upload/q_100/v1599689067/C/135_gnxpa0.jpg","cabeueng","cabeung","caboi","cabok","cabot","cacah","cacak","cacang","caakcang","cacat","caden","cadheuen","cadoe"
"https://res.cloudinary.com/basaaceh/image/upload/q_100/v1599689067/C/136_joisjl.jpg","cagak","cagee","cah","cahdan","sahdan","cahdat","sahdat","cahed","cah'et","caheueng","caheung","cahid","cahwat","cawat","cahya","caya","caih"
"http://aceh.gurubaru.com/aboebakar/136s137.jpg","cak"
"https://res.cloudinary.com/basaaceh/image/upload/q_100/v1599689068/C/137_susibu.jpg","cakab","cakap","cakah","cakceureulak","cakcoe","cacoe","cake","cakeue","cakeu","cakeuek","cako","cakra"
"https://res.cloudinary.com/basaaceh/image/upload/q_100/v1599689068/C/138_yea7uv.jpg","cakr'a-cakr'i","cakree","cakrawala","cakrabala","cakrabalat","cakri","cakrum","calabia","calam-malom","calawala","caleuet","calitra","calok","calom","calong"
"http://aceh.gurubaru.com/aboebakar/138s139.jpg","calot","cam-cam","cama","cambok","cambong","campeuna","cempeuna","ceumpana","campli","capli","campri","camtalira","Syamtalira","camca","canca","tanca","camci","samsi","camcuruih","canam","canang","canden","candong","candu","cane"
"https://res.cloudinary.com/basaaceh/image/upload/v1603203885/C/139s140.jpg","canek","caneuk"
"https://res.cloudinary.com/basaaceh/image/upload/q_100/v1599689068/C/140.jpg","cang","cangah","cangat","cangceng","canceng","canggang","cangge","canggoe","cangguek","cangke","cangkeng","jangkeng","cangkeng-mengkeueng","cangkeng lahe","cangklak","cangkoi","cangkok","canok","canteuen","cap","cab","capa","capah","capai","capak","capakat","capang","capeueng","capeung"
"http://aceh.gurubaru.com/aboebakar/140s141.jpg","cccccccc"
"http://aceh.gurubaru.com/aboebakar/141s142new.jpg","capeng"
"https://res.cloudinary.com/basaaceh/image/upload/q_100/v1599689068/C/142.jpg","capiek","capik","capi'i","capoe","capr'ang-capr'ing","carak","car'ak","carah","caram","cakram","carat","sarat","careh","sareh","careueh","cari'at"
"https://res.cloudinary.com/basaaceh/image/upload/q_100/v1599689068/C/143.jpg","carikat","carok","carokbange","car'ok","carong","carot","carue","carueh","caruh","caruek","caruk","cat"
"http://aceh.gurubaru.com/aboebakar/143s144.jpg","catadeuria","catadria","catatria","cataria","citadeuria","citadria","citatria","citaria"
"https://res.cloudinary.com/basaaceh/image/upload/q_100/v1599689069/C/144_mq4ecd.jpg","cateueng","cateuria","ceuteuria","cathe","cati","cato","catok","cawai","cawan","cawarat","ceewarat","seewarat","cawat","cawe","sawe","caw'ie","caw'ieng","cawing"
"http://aceh.gurubaru.com/aboebakar/145.jpg","caw'iek","cawik","cawo","cawoi","cayeng","ce","cek","cek-cek","ceb","cep","cee","chee","ceedaga","seedaga"
"http://aceh.gurubaru.com/aboebakar/145s146.jpg","seedara","ceedara"
"http://aceh.gurubaru.com/aboebakar/146.jpg","ceekah","seekah","ceetan","coetan","ceh","meuceh","c'eh-c'oh","c'oh-c'oh","ceh-meh","cekbrek","cebrek"
"http://aceh.gurubaru.com/aboebakar/146s147.jpg","cem"
"http://aceh.gurubaru.com/aboebakar/147.jpg","cempaga","ceumpaga","cempala","cempeudak","cemcala","cendawa","ceundawan","ceunawam","dendawan","ceng","cet","cet-cet","cecenda","ceuab-ceuub","ceuat-ceuit","ceubeueh"
"http://aceh.gurubaru.com/aboebakar/147s148.jpg","ceubeum","ceubo","ceuboi","ceudaih","ceudah","ceudek","ceudeng","deng","ceudeut","ceudieng","ceudok","ceudoih","cidoih","ceudoh","cidoh","ceudue"
"http://aceh.gurubaru.com/aboebakar/148s149.jpg","ceue","ceu"
"http://aceh.gurubaru.com/aboebakar/149.jpg","ceugok","ceugot","ceuha","ceu'ieb","ceu'iet","ceuit","ceukak","ceukak-ceukeu","ceukak-ceukoe","ceukam","ceukang","ceukeh"
"http://aceh.gurubaru.com/aboebakar/149s150.jpg","ceuken"
"http://aceh.gurubaru.com/aboebakar/150.jpg","ceuki","ceukiek","ceuko","ceukoe","ceukok","cikok","teukok","ceukot","ceula","ceulak","ceuleungga"
"http://aceh.gurubaru.com/aboebakar/151.jpg","ceulici","ceuleuci","ceuma","ceumara","ceumat","ceumboi","ceumeub","ceumeuti","ceumong","ceumucot","ceumeucot","cumucot","ceumuru","ceunana","cinana","ceundana","ceunawan","ceundawan"
"http://aceh.gurubaru.com/aboebakar/152.jpg","ceundoi","cindoi","ceundot","cindot","meucindot","ceuneuruet","ceungai","ceungang","ceungong","ceungeh","ceungeuk","cengeuk","cinguk","jeungeuk","ceunggong","ceunggot","ceunggok","ceungkhok-ceungkhe","cingkhok-cingkhe"
"http://aceh.gurubaru.com/aboebakar/152s153.jpg","ceungom"
"http://aceh.gurubaru.com/aboebakar/153.jpg","ceu'o","ceup'am-ceup'um","ceuph'am-ceuph'um","ceupl'am-ceupl'um","ceupet","jeupet","seupet","ceupeueb","ceupeuep","ceuph'um","ceup'um","ceupl'um","ceupam-ceupl'um","ceup'om","ceup'ong","ceupun","Jeupun","japang","jeupang"
"http://aceh.gurubaru.com/aboebakar/153s154.jpg","ceuradi","cradi"
"http://aceh.gurubaru.com/aboebakar/154.jpg","ceuradieh","cradieh","ceuradih","cradih","ceurana","crana","cerurape","crape","ceuracak","ceuracap","cracap","ceuraceuek","craceuek","ceureubi","ceureuca","ceuredek","ceureukiah","ceureulob","ceulob","ceureumat","ceureumen"
"http://aceh.gurubaru.com/aboebakar/154s155.jpg","ceureumoe","ceureupa","ceuleupa","ceureubong","curubong","crubong","ceuruga","curuga","seuruga","suruga","ceurucok","curucok","crucok","ceurucong","curuco","cruco","ceut","c'eut","ceuub","ch'a","meuch'a-ch'a","ch'ak","meuch'ak","cham","cam","sam"
"http://aceh.gurubaru.com/aboebakar/155s156.jpg","ch'am"
"http://aceh.gurubaru.com/aboebakar/156.jpg","ch'am-ch'um","ch'e","c'eh","cheh","ceh","cen","chik","chirek","sirek","ch'o"
"http://aceh.gurubaru.com/aboebakar/156s157.jpg","choe","coe","choi"
"http://aceh.gurubaru.com/aboebakar/157.jpg","chok","chok-kalichok","chok-cheuek","choekhi","choikhi","cheh","choekhuna","ch'oh","chon","eunchon","inchon","chen","chuek","cruek","meunchuek-chuek","ch'ueng","chuko"
"http://aceh.gurubaru.com/aboebakar/157s158.jpg","ch'um","chum"
"http://aceh.gurubaru.com/aboebakar/158.jpg","chum-kache","ci","cib-cib","crib-crib","crip-crip","cicab","cicap","cicah","ceucah","cicak"
"http://aceh.gurubaru.com/aboebakar/158s159.jpg","cicem"
"http://aceh.gurubaru.com/aboebakar/159.jpg","ciceue","ciceu","ciceuet","cicie","cidra","cie","ciek-cuek","c'ieb","c'iep","c'iet-c'iet","cr'ieb-cr'ieb","cih","cilaka","ceulaka","cilakeuek","cila'o"
"http://aceh.gurubaru.com/aboebakar/159s160.jpg","cilet"
"http://aceh.gurubaru.com/aboebakar/160.jpg","cina","cinana","cinarot","cinato","cincu","tincu","cincong","cinde","ceunde","cindot","cindra","cindrawaseh","cindreng","candreng","meucindreng","cingeuk","cinggram","cinggrom","cingkhe","cingkhek","cingkhok","cinguk","cinicah","cino","cinot","ceunot","kulat*cinot","cinta"
"http://aceh.gurubaru.com/aboebakar/161.jpg","cintamani","cintramani","cintra","cinu","bruek cinu","cipe","cirek","ciret","ciriek","cit","citadeuria","citadria","citaria","cl'am-cl'um","co"
"http://aceh.gurubaru.com/aboebakar/161s162.jpg","cob","cop"
"http://aceh.gurubaru.com/aboebakar/162.jpg","cobeuhat","sobeuhat","coe","coeta","coh","coh-coh","c'oh","c'oh-c'oh","coi","coih","coih-coih"
"http://aceh.gurubaru.com/aboebakar/162s163.jpg","cok"
"http://aceh.gurubaru.com/aboebakar/163.jpg","cok-ceuek","coka","cokah","cokma","com","con","cong","con-bruet","euncong","cot"
"http://aceh.gurubaru.com/aboebakar/163s164.jpg","crab","crap"
"http://aceh.gurubaru.com/aboebakar/164.jpg","crab-crub","crah","crak-crak-indreng","crak-crak-sigulupak","cr'ang","cr'ang-cr'ing","cr'ang-kacr'ang-cr'ing","cre","che","cre bre"
"http://aceh.gurubaru.com/aboebakar/164s165.jpg","crek-crek"
"http://aceh.gurubaru.com/aboebakar/165.jpg","cr'et","cr'ot","cet-bret","cr'ot-br'ot","creue","creu","creueh","creuh","creuk","creueng","cr'eung","cr'ie"
"http://aceh.gurubaru.com/aboebakar/165s166.jpg","cr'ieb-mur'ieb"
"http://aceh.gurubaru.com/aboebakar/166.jpg","crieh","criek","criet","cr'ing","cr'ing-kacr'ang","cr'ing-kacr'ing-crang","cr'ing-kacr'ing-cr'ang","crok-crok","cron","cr'on-br'on","crong","cru","boh cru"
"http://aceh.gurubaru.com/aboebakar/166s167.jpg","crub","crup"
"http://aceh.gurubaru.com/aboebakar/167.jpg","crubong","crueb","cruep","cr'ueh","croh","cruek","cruk","cu","cuaca","cuakak","cuala","cuale","cuali","meucuali","cuanam","kuanan","cuarek"
"http://aceh.gurubaru.com/aboebakar/167s168.jpg","cuaye"
"http://aceh.gurubaru.com/aboebakar/168.jpg","cub","cuba","cuban","cubet","cubeut","cuca","cuci"
"http://aceh.gurubaru.com/aboebakar/168s169.jpg","cuco"
"http://aceh.gurubaru.com/aboebakar/169.jpg","cucok","cue","c'ueh","cuek","cuet","meucuet-cuet","c'uet","cueueng","cugak","meucugak"
"http://aceh.gurubaru.com/aboebakar/170.jpg","cuhada","suhud","seuhud","suci","cui","cui-cui","suit-suit","suka","cukak","cuke","cukeh","cuki","cuko","chuko","suko","cukop","cula"
"http://aceh.gurubaru.com/aboebakar/170s171.jpg","cula-caloe","keucula-caloe","pula-paloe"
"http://aceh.gurubaru.com/aboebakar/171.jpg","culaih","culek","culet","culia","culib","culit","culok","culuet","culut","culoh","juloh","culot"
"http://aceh.gurubaru.com/aboebakar/171s172.jpg","cumeh","cumuet","cumpang-camping","tumpang-tamping","cungkak","cungke","cungkeh","ceunungkeh","ceunukeh","cunia","cupa","cupak","cupeng","cupeu'at","supeu'at","capa'at","cuphok","cupiuih","kupiuih","curah","curak"
"http://aceh.gurubaru.com/aboebakar/172s173.jpg","cureh"
"http://aceh.gurubaru.com/aboebakar/173.jpg","curek","curam","cureng","cureueh","nyureueh","curi'ien","curu","curubok","curubong","curucong"
"http://aceh.gurubaru.com/aboebakar/173s174.jpg","cut"
"http://aceh.gurubaru.com/aboebakar/174.jpg","cutiek","cut'iet","cutit","cutiet","cut'it","cutok","cuthok","tutok"
