

"175.jpg?h=152","da","cut da","dab","dap","dabee","meudabee","dabeueh","dabeuh","daboih","daboh"
"176.jpg?h=153","dada","dadang","dadang-dadang","dadeh","dadeueng","dajeu","dajeue","dadu","boh dadu","daem","dagang","aneuk dagang","dageng","meudageng","dageundong","sigeundong","dagoh","boh dagoh"
"176s177.jpg","dagu"
"177.jpg","dah-dah","meudah-dah","dahet","dahga","dahoh","daida","daidi","daih","dah","bak daih","bak dah","daihpeudaih","dahpeudah","daimen","deemen","daierah","dairah","dak","dak an"
"177s178.jpg","dak-dak"
"178.jpg","dak-dok","daka","dakhat","dukhat","daki","dakwa","dakweuet","dalae"
"178s179.jpg","dalai"
"179.jpg","dalam","lam","dalang","daleh","dalem","lem","dali"
"179s180.jpg","dalupa","si dalupa","po dalupa"
"180.jpg","dalong","dam","dama","damai","damak","damdam","dame","dameurut","dami","lameurut","damideuen"
"181.jpg","damoh","dampeng","dana","dandan","ikan dandan","dandi","dangdi","dane","daneui","daneun","awe daneun","uret daneun"
"181s182.jpg","dang","dang-dang","dangdang","kanet dangdang"
"182.jpg","dangdhot","dangdi*a","dangki","daniet","danit","danjabila","danoh","nanoh","da'om","ta'om","dapa","dapha","dapat","peundapat","dapeuta","dapu"
"182s183.jpg","dara"
"183.jpg","darah","dar-ih","pinto ret","pinto pageue","darat","dare","dareh","dareubak","dareupah","daroh"
"184.jpg","daroi","daroih","daruih","darok","darosalam","darueh","daruet","darut","darui","dasah","dahcah","dasat","daseuto"
"184s185.jpg","dat"
"185.jpg","data","datee","meudatee","datok","datoek","datu","dawai","dawe","daweuet","daweut","dakweuet","dawo","dawok","dawon","dawot","daot","dawod","daod"
"185s186.jpg","daya"
"186.jpg","dayang","dendayang","dayong","dayu","meudayu-dayu","dayuih","dayuh","de","deah","deeh","doyah","debdeb","depdep"
"186s187.jpg","dede","meudede"
"187.jpg","dee","dee-dee","deelat","dolat","deesa","deh","deh-doh","dek","demi","kaphe demi"
"187s188.jpg","dendang","dondang"
"188.jpg","denden","den den","den-den","deng","boh deng","dengdeng","det","deuba","deubu","deuda","deudaih","deudah"
"188s189.jpg","deudak"
"189.jpg","deue","deu","deuek","deuh","deuih","deuka","deuku","deumah"
"189s190.jpg","deumam"
"190.jpg","deumba","deumpek","deunak","deunda","deundam","deundang"
"190s191.jpg","deune"
"191.jpg","deuneun","meudeuneun droe","peudeuneun droe","deungek","deungeun","deungkang","deungkeng","deungki","deungoi","deungon","ngon"
"191s192.jpg","deungong"
"192.jpg","deupa","deureuham","deureuhem","deurenyan","deuria","deureuya","deuru","dru","meudeuru","deut","dhat-dhub","dhak","dak","taloe dhak","dham","taloe dham","dheuen","dhiet"
"192s193.jpg","dhoe"
"193.jpg","dhoi","dhok","dhok-dhok","dok-dok","dhot","dhet","dhet-dhet","dhot-dhot"
"193s194.jpg","di"
"194.jpg","diarah","dibak","dien","diet","dieueng","dihen","diieng","dilee"
"195.jpg","dian","diyan","dinab","dinap","dindeng","dinu","diu","direh","diri","dirui","deurui","disa"
"195s196.jpg","dit"
"196.jpg","ditdeh","ditnan","ditnoe","diwa","diwai"
"196s197.jpg","diwana","meudiwana"
"197.jpg","diwangga","diwata","burong diwata","do","doda","dodeng","dodi","daida","daidi","dodo"
"197s198.jpg","doe","roe"
"198.jpg","doh-doh","dohai","dahai","bintang dohai","doheura","bintang doheura","doi-doi","doikaidah","doikareunoini","eseukanda dokareunoini","doipaka","peudeueng doipaka","doiton","doitun","dojah","deejah","dok","dok-dok","dokma","boh dokma","doksa","mangkong doksa"
"198s199.jpg","dom"
"199.jpg","don","dondang","dong","dong-dong"
"199s200.jpg","donya"
"200.jpg","doseuta","doyah","drah","drab-drab","meudrab-drab","drap-drap","meudrap-drap","draih"
"200s201.jpg","dr'am-dr'am","dr'um-dr'um"
"201.jpg","drang","dreh","drih","dreh-dreh","treh-treh","meudreh-dreh","dreueh","drien","drin","deureuyan","dring","dring-dring","dro-dro","meudro-dro","drob-drob","meudrop-drop","drop-drop","meudrob-drob"
"201s202.jpg","drop","drob"
"202.jpg","droe","droeneu","droeneuh","dro","droneuh"
"202s203.jpg","droih","droh"
"203.jpg","dru","drung","du"
"203s204.jpg","dua","duwa"
"204.jpg","du'a","dubi"
"204s205.jpg","duboe"
"205.jpg","dudok","dudom","due"
"205s206.jpg","duek","duk"
"206.jpg","duen","dun","duet","dugai","tukai"
"206s207.jpg","dugok","dugoek"
"207.jpg","dugom","duha","duka","dukhoe","dukhon","dukong","dulang","duli"
"207s208.jpg","dum","dub","dup"
"209.jpg","dumba","dumdeh","dumnan","dumnoe","dumpet","dungee","dungok","dungon","duroe","dusen","lusen","dusi","duson","dusoen"
"210.jpg","dut-dut apui","duya","duyon"
