
"212.jpg","e","'e-'e","'e-'o","'eb","'ep","'edat","'edrai","'ee-'ee","eelia","olia"
"213.jpg","'eerat","'eewalat","eh","eheuram","ehem","ehram"
"214.jpg","ehtilam","ehwai","ejeuba","ejeumak","ejeutihat"
"214s215s216.jpg","ek"
"216.jpg","ekeulaih","ekeulah","ekeutieue","ekheutieue","ekeutilaih","ekheutileueh"
"216s217.jpg","ekreue"
"217.jpg","ekhuan","'ektidai","'ektikaih","'ektikeuet","eleuham","eleumee","ella","emma","en","enca","endatu","endatau","eng-eng","enji"
"217s218.jpg","enjin"
"218.jpg","engko","ensan","entaha","entahi","entu","eseubat","eseulam","eseuteumi","seuteumi","eseuti 'andak","eseutinggeue","seutinggeue","eseutinja","eseuthahat","eseutiri","esrapi","eseurapi"
"218s219.jpg","et"
"219.jpg","eu"
"219s220.jpg","'eu"
"220.jpg","eue","'euh'euh","'eui","'cuk'euk","eum","eumbah","mbah"
"221.jpg","eumpada","eumpaih","heumpaih","umpaih","eumpah","heumpah","umpah","eumpak","teueumpak","eumpang","eumpee","mpee","eumpet","eumpeuen","eumpeun"
"221s222.jpg","eumpeuek","eumpeuk"
"222.jpg","meueumpeuek","meueumpeuk","eumpie","mpie","empi","eumpieng","emping","eumping","eumpoe","umpoe","eumpu","umpu","eumpung","eumpoih","lampoih","eumpoh","lampoh","lampoeh","'eun","meu'eun"
"222s223.jpg","eunchok"
"223.jpg","eunci","euncien","euncin","euncit","eunciet","ncit","eundap","ndap","eundru","eunggang","nggang","eungkak-eungkak","ungkak-ungkak"
"223s224.jpg","eungkek","meueungkek"
"224.jpg","eungkhe","ingkhe","eungkhoe","ingkhoe","eungkhui","eungkui","eungkong","ngkong","eungkot","eungkoet","eungku","engku","euntah","euntam","heuntam","euntang"
"224s225.jpg","euntat","antat"
"225.jpg","euntee","ntee","euntho","eunti","euntok","euntong","beuleuntong"
"225s226.jpg","euntreuk","eunteuk","treuk","teuk"
"226.jpg","euntreut","euntuek","ntuek","euntung","'eut'eut"
