"293.jpg","ha","h'a-h'a","meuh'a-h'a","h'a-h'i","h'ab","meuh'ab","h'ap","meuh'ap","hab-heub","hap-heup"
"293s294.jpg","haba"
"294.jpg","habeh","abeh","habeulo","habeusah","abeusah","peudeueng abeusah","habib","abib"
"294s295.jpg","had","hat"
"295.jpg","hadaih","hadah"
"295s296.jpg","hadap","hadab"
"296.jpg","hadat","hadi","hadiah","hadiyah"
"296s297.jpg","hah"
"297.jpg","hah-hoh","hai","haih","hah","hajarat","hejeurat","hajaraton nabi","hajat"
"297s298.jpg","haji","aji"
"298.jpg","hak","malehan","hakikah","akikah"
"298s299.jpg","hakikat"
"299.jpg","hakiki","hakim","hakkot","hala","hala-hala","hele-hele","halala","hehele","halak","alak","halaman","halarat","hale","haleuba","jeura haleuba","haleue","haleu"
"299s300.jpg","haleukah"
"300.jpg","haleukom","haleumab","haleumap","halia","haliya","halin","haling","haloih","haloh","aloih","aloh"
"300s301.jpg","halua","haluwa"
"301.jpg","haluan","haluwan","aluan","aluwan","h'am-h'um","hama","hamam","hamamah","hamba","hambi","hambo","hame","hamee","hameh"
"301s302.jpg","hampa"
"302.jpg","h'an","han","hana","hanco","anco","handi","hande"
"302s303.jpg","haneng"
"303.jpg","h'ang","meuh'ang-h'ang","hangek","hanget","hangeub","hangeup","hanggo","anggo","hanggoi","anggoi"
"303s304.jpg","hanta"
"304.jpg","hantu","euntu","hanyang","hanyi","anyi","hanyot","anyot","haraih","harah","huruf","haram"
"304s305.jpg","harap","harab"
"305.jpg","hareubab","hareubap","hareubi","kaphe hareubi","hareudamama","hardamama","hareudam","hareudek","hareuem","hareum"
"305s306.jpg","hareuga","harega","areuga"
"306.jpg","hareukat","hareutoe","hareuto","haria","hariya","haria peukan","harisa"
"307.jpg","haroih","haroh","harok","arok","harok-harok"
"307s308.jpg","haru-hara","haro-hara","harok-hara"
"308.jpg","harut-harut","hasad","hasat","hase","ase","hasut","hat-hit","h'at-h'uet","hata","hatam","hatib","atib"
"308s309.jpg","hawa"
"309.jpg","hayak","ayak","meuhayak","hayake","hajeuek","ayeuek","hayeuek","hayeuk","ayeuk","hayut","he"
"309s310.jpg","he-he","meuhe-he"
"310.jpg","h'e","h'e-h'e","hee","h'eh","hek-hek","hok-hok","hek"
"310s311.jpg","h'ek-h'ek"
"311.jpg","hekeumat","hendi","heng","h'eng-h'eng","heue-heue","meuheue-heue","meuheu-heu","h'eueb-h'eueb","h'euep-h'euep","meuh'euep-h'euep","h'euh-h'euh","heuek-heuek","yeuek-yeuek","meuheuek-heuek"
"312.jpg","heut","h'euet","h'ut","hi","hi-hi","hih-hih","hihih","hib-hib","hibah","hibat","hidayat"
"313.jpg","hieh","h'ieh","hr'ieh","h'iem","hija","ija","hikayat","hila","hilam","hima"
"313s314.jpg","himat"
"314.jpg","himbee","himbe","himpon","hina","hindu","hinduseutan"
"314s315.jpg","hingga"
"315.jpg","hinggu","hipaih","hipah","meuhipaih-hipaih","hiram","iram","hireuen","hireun","hireuet","hireut","meuhireut","hiro","hirom","irom","harom"
"316.jpg","hirop","irob","hirup","hiru-biru","hisab","hisap","hit"
"316s317.jpg","ho"
"317s318.jpg","ho-ho"
"318.jpg","hob","hob-hob","hop","hop-hop","h'ob","hoh","h'op","hoi","hojah","hujah"
"318s319.jpg","hok-hak"
"319.jpg","hok-hok","meuhok-hok","h'ok-h'ok","hom","h'ong","meuh'ong"
"319s320.jpg","horeumat","hormat","horemat"
"320.jpg","hu","hubatan","hobo","hubo-hubo","hudom","hue"
"320s321.jpg","h'ueh","h'uih"
"321.jpg","huek","huk","h'ueng","hung","h'ung","h'uet","hugob","hugop","ugob","ugop"
"321s322.jpg","hukom","hukoem"
"323.jpg","h'um","hum","humeui","h'ung","hunjo","hunoh","hunoih","hunyat","unyat"
"323s324.jpg","hurub","hurup"
"324.jpg","huyon","meuhuyon-huyon","uyon"
