
"382.jpg","ka","kaa-kao","ka'a-ka'u","kaak-kaok","kawak-kawok","ka'am-ka'um"
"382s383.jpg","kab","kap"
"383.jpg","kabat","kawat","kabe","kabeh"
"384.jpg","kabha","kabi","kabiem","kabim","meukabiem","kablai-kabloi","kablang-kablot","kablat-kablot","kaboih","meukaboih","kabom","kabong","meukabong"
"384s385.jpg","kabui"
"385.jpg","kaca","kacah","kacah-kacoh","kacak","kacang","kacee"
"385s386.jpg","kachok","keuchok","kachuk"
"386.jpg","kacok","kaco","kacho","kac'ie","kaci","gaci","gac'ie","kacu","kada"
"386s387.jpg","kadah","kaidah","kadaih","peukadah"
"387.jpg","kadam","khadam","kadang","kadang-kadang","kade","kadim","kadinam","aneuk kadinah","kadot","ka'eh-ka'oh","kaeh-kaoh","kaem"
"387s388.jpg","kah"
"388.jpg","kahwa","kawa","kai","kaidah","kachok","keuchok","kachuk","kaja"
"388s389.jpg","kajeung","kajeueng"
"389.jpg","kajun","meukajun-kajun","kakbah","ka'bah","kakab","mata kakap","kakap","kakak","kakak tuha","kaka tua"
"389s390.jpg","kala"
"390.jpg","kalam","kalang","kalangkalot","kalangmalot","kalee","kaleh"
"390s391.jpg","kaleubi"
"391.jpg","kaleubu","kaleuem","kaleueng","kaleung"
"391s392.jpg","kali"
"392.jpg","kaliwala","barah kaliwala","kalimah","kalipah","khalipah","kalok","kalon"
"392s393.jpg","kalot","kaloet"
"393.jpg","kama","kamaloyang","kaman","kamarati","kamariah","kamariyah","kamaria","kamat","kamad","kambam"
"393s394.jpg","kambeng"
"394.jpg","kambeuli","keumbeuli","kambuek","kambuk","kamjat","kanjat","kame","kameja","kamehja","keumeja","keumija","kameng"
"395.jpg","kamoe","kamo","kamsen","kamsiah","kamsiyah","khamsiyah","khamsiah","kamue","kamueh","kamuh","kamuih","kana'ah","kance","kancoi","kancot","kandang"
"395s396.jpg","kande","khande"
"396.jpg","kandeh","kandet","kandoe","kando","kandong"
"396s397.jpg","kandreuen","kandran"
"397.jpg","kanet","kanot","kangka","kangkong","kanja","khanja","kanjai","ganjai"
"398.jpg","kanji","kanun"
"398s399.jpg","kanuri","kanduri","kauri","kawuri","khawuri"
"399.jpg","kanso","kanteule","konteule"
"399s400.jpg","kaoi"
"400.jpg","kapah-kapoh","pah-poh","kapai","kapak","kapeta"
"400s401.jpg","kaphan","gaphan"
"401.jpg","kaphe","kape","kapho","kapilah","kaphan","kapiten","karah"
"401s402.jpg","karaih"
"402.jpg","karakab","karakap","karam","karamtia"
"402s403.jpg","karang"
"403.jpg","karangseumot","karat","kare","kareh"
"403s404.jpg","kareng"
"404.jpg","kareue","karie","kareuem","kareueng","kari","karib","karip","karieng"
"404s405.jpg","karom"
"405.jpg","karon","areuta Karon","karong","karonya","karot","karu","kasa"
"405s406.jpg","kasab","kasap"
"406.jpg","kasam","kasad","kasat","kase","kasek","kaseumi","kaseumiri","kaseurah","kaseuturi","katuri","kasidah","kasiet","khasiet","kasit","khasit","kaso","kanso"
"406s407.jpg","kasok"
"407.jpg","kasot","kate","kateh-katoh","kateng","gateng","katib","katip","katoe"
"407s408.jpg","kawai"
"408.jpg","kawan","kawate","kawe"
"408s409.jpg","kawen"
"409.jpg","kawet","kaw'eueh","kawi","tanoh kawi","kawoi"
"409s410.jpg","kawoih","kawoh"
"410.jpg","kawom","kawot","kawet","kaya","kayangan"
"410s411.jpg","kayap","kayab"
"411.jpg","kayee","kayem","kayet","meukayet"
"411s412.jpg","kayoh","kayoeh"
"412.jpg","ke","keb","keh","k'eb","k'ep","kecap","kicap","kee","keeluhu"
"412s413.jpg","keh"
"413.jpg","k'eh-k'eh","kekek","kemkha","kamkha","k'eng-k'eng","ke'ngkeueng","keseumeh","k'et","k'et-k'et"
"413s414.jpg","ket-kot"
"414.jpg","keu","keuh","keuba","meukeuba","meukeuba-keuba","keubak-keubok","keubang-keubok","keubajikan"
"414s415.jpg","keubah"
"415.jpg","keubai","keubang-keubeub","keubatangan","keubeub","keubeup","keubeue","keubeu","keubeueng","keubeung","keubit"
"415s416.jpg","keubo"
"416.jpg","keubok","meukeubok","keuboih","keuboh","keubon","keubue","keupue","meukeubue","keucap","keucab","keucawah-keucawih"
"416s417.jpg","keuceu'at-keuceu'iet"
"417.jpg","keuceu'at-keuceu'it","keuch'ak","keuch'ah","meukeuch'ak","teukeuch'ak","keuchik","geuchik","keusyik","keuchubong","keucubong","keucula-keuculoe","keucr'ang-keucr'ing"
"417s418.jpg","keudab","keudap"
"418.jpg","keudang","keudang-keudot","keudawong","keude","keudeh","keudeuke","boh keudeuke","keudeuk'et","keudidek","keulidek"
"418s419.jpg","keudidi"
"419.jpg","keudie-keudie","keudih-keudih","keudo","meukeudo","keudot"
"419s420.jpg","keue"
"420.jpg","keueh","boh keueh","keueng","keung","keueueng","keui","keuih"
"420s421.jpg","keuieng","kiieng","keuing","kiing"
"421.jpg","keujang","kejang","keujap","sikeujap","keujeuhatan","keuji","keujot","teukeujot","keujruen","keujrun"
"421s422.jpg","keukai"
"422.jpg","keukanda","keukang","keukapak","keukaraih","keukarah","geukaraih","geukarah","keukindang","kindang","keukirong","kirong-kirong","tangkhong","keukitong","kitong"
"422s423.jpg","keukupak","kupak"
"423.jpg","keukura","keukurah","keukurok","kurok-kurok","keulabee","klabee","keuladi","kladi","keulakuan","keulamdan","keulandan","keuleude"
"423s424.jpg","keuleupak-keuleupok"
"424.jpg","keuluarga","keulubong","klubong","keulubot","keulubot jaroe","keululu","klulu","keulusa","keutusa","keurusa","keumaih","keumah","keumala"
"424s425.jpg","keumamaih","keumamah"
"425.jpg","keumang","keumaree","keumat","meukeumat","keumba","keumbai","keumbeue","keumbeu"
"425s426.jpg","keumbong"
"426.jpg","keumeh","keumot","keumeundan","keumeundo","keumeung","keumeueng","keumeu"
"427.jpg","keumidi","keumiek","amiek","keumik","amik","keumiet","keumit","keumili","kemili","keumiroe","bak keumiroe","keumiro","keumob","meukeumob","teukeumob","keumop","meukeumop","teukeumop"
"427s428.jpg","keumong","kemong"
"428.jpg","keumpe","keumudee","kemudee","keumude","keumudoe","kemudoe","keumudo","keumuen","keumun","aneuk keumuen","aneuk keumun"
"428s429.jpg","keumukoih","keumukoh","kemukoih","kumukoh"
"429.jpg","keumuncak","keumucak","keumuneng","keumunyan","kumunyan","keumuraih","kumuraih","pemumurai","pumuraih","seumuraih","keumureueng","keumureung","keunai"
"429s430.jpg","keung"
"430s431.jpg","keunong","kenong"
"431s432.jpg","keunyang","kenyang"
"432.jpg","keunyet","keunyot","keunyuet","keunyut"
"432s433.jpg","keuot"
"433.jpg","keupak","keupak bajee","keupalang","keupanaihsan","keupanasan","keupeng","keupo"
"433s434.jpg","keupok"
"434.jpg","keupoi","keuboi","keupong","keupoeng","keuprak","keupula","peukula"
"435.jpg","keurajat","kheurajat","kerajat","keurajeuen","keurajeun","kheurajeuen","keureubeh","keureuboih","keureuboh","keureuja","kereja","keureukab-keureukub","kreukab-kreukub","keureukh'am-kreukh'um","kreukh'amkreuh'um"
"435s436.jpg","keureukh'ang-keureukh'ing","kreukh'ang-kreukh'ing"
"436.jpg","keureukoih","keureukoh","keureuleng","keureulieb","kreulieb","meukeureulieb","keureulieh","keureulih","keureulieng","keureuling","keureulok","keureulong","keureuma","keureumak"
"436s437.jpg","keureumeuih","keureumeuh"
"437.jpg","keureuna","keureunda","kreunda","keureunen","keureupak-keureupuk","kreupak-kreupuk","keureusang","keureuseh-peseh","keureusek"
"437s438.jpg","keureutab-keuretib","kreutab-kreutib"
"438.jpg","keureutab-keureutub","kreutab-kreutub","keureutaih","keureutah","keureut'am-keureut'um","kreut'am-kreut'um","keureutoih","keureutoh","keureuyai","kreuyai"
"438s439.jpg","keuripet","kiripet","kripet"
"439.jpg","keurumon","krumon","keurumong","keusab","keusap","keusan","keusang-keusot","keuseuko","bruek keuseukoi","keus'ieb","keusieb","keusib","keusip","keus'iep","keusumba","keuta","keuta'in","meukeuta'in","keuta-keutee","geuta-geutee"
"439s440.jpg","keutab","geutab","keutap","geutap"
"440.jpg","keutab-keutib","keutap-keutip","keutab-keutub","keutap-keutup","geutab-geutub","keutak-keutok","geutak-geutok","keutak-keutuk","geutak-geutuk","keut'am-keut'um","geut'am-geut'um","keutang","kutang","kuthang"
"440s441.jpg","keut'ang-keut'ing","geut'ang-geut'ing"
"441.jpg","keutanggi","keutapang","geutapang","keuteb","keutep","keutee","geutee","keuteh-keuteh","meukeuteh-keuteh","teukeuteh-keuteh","keutek","geutek","keutek-keutok","geutek-geutok","keut'eng-keut'ong","geut'eng-geut'ong"
"441s442.jpg","keut'euek","geut'euek"
"442.jpg","keutieb","meukeutieb","keutip","meukeutiep","keutiew","keutila","geutila","keutina","meukeutina","keut'ing"
"442s443.jpg","keutok","geutok"
"443.jpg","keutok-keutok","geutok-geutok","keutub","keutup","keutuban","kutuban","keutueb","keutuep","keututueb","meukeututueb","keut'um","keutum","keutumba","geutumba","keutumbet","keutumbu","kunyet keutumbu","keutupat","keutupet","geutupet","keutupek","keutupeng"
"443s444.jpg","keutupong","geutupong","boh keutupong"
"444.jpg","keututok","burong keututok","keutuyong","kutuyong","geutuyong","khab","khap","meukhab","meukhap","khabih","khada","khadanah","khak"
"445.jpg","khak-khik","khalek","khaleh","khaleudi","kheuleudi","boh khaleudi","khali","kh'am","kh'am-kh'um","khama"
"445s446.jpg","khan"
"446.jpg","khanah","khatam","khatem","khatan","khatiman","kheb","khep","kh'eb","kh'ep"
"446s447.jpg","kh'eh","kheh"
"447.jpg","khek","khek-khek","khem","kiem","kh'em-kh'om","kheue","kha","kheueh","khaih","kheuet"
"447s448.jpg","kheun","kheuen"
"448.jpg","kheundak","khiai","khib","khip","khie"
"448s449.jpg","khik-khik"
"449.jpg","kh'ieng","keuh'ieng","khileueh","khilaih","khimah","khimat","hemat","khirab","khirap"
"449s450.jpg","khob","khop","kh'ob","kh'op"
"450.jpg","khodeumat","khedeumat","khoh","khoih","khoide","khok","khob","teukhok","kh'ok","khok-khok","khong","khub","khueng","khung","khuk","khuluk","kuluk"
"450s451.jpg","kh'um","khum"
"451.jpg","kh'ung-kh'ung","khung-khung","khusi","khut","kia","peukia","kiam","kiamat","kiambang","kiambang bajee","kianat","khianat"
"451s452.jpg","kiapah","kiyapah"
"452.jpg","kib","kip","kibaih","kibah","kiblat","kidam","kideb","kieh","kih"
"452s453.jpg","kiet","kit"
"453.jpg","kiew","kihanah","kike","kikeh","kikek","kikek bajee","kiki","kilah","meukilah","kilang","meusen ceumeucob","meusen ceumeucop","kilat"
"453s454.jpg","kilek"
"454.jpg","kilib","kilip","kiloe","kilok"
"454s455.jpg","kinca"
"455.jpg","kincet","gincet","keuncret","kincueng","kincung","kindang","meukindang","king","kipa"
"455s456.jpg","kipaih","kipah"
"456.jpg","kiparat","kipharat","kipayah","kipe","kipek","kira","keunira","kiram","kiraman katibin","kirab","kirap"
"456s457.jpg","kire"
"457.jpg","kirek","girek","kurek","kheueh","kikeueh","kiroh","kisah"
"457s458.jpg","kisang-kis'et","kisang-kis'ot"
"458.jpg","kisek","gisek","kis'et","kiseueh","kiseuh","kis'ot","kita","meukita","kitab","kitap","kitan","keukitan"
"458s459.jpg","kitang"
"459.jpg","kiweue","kiweu","kiwieng","kiwing","kiwieng-kiwot","kiwang-kiwot"
"459s460.jpg","kla"
"460.jpg","klab","klap","klah","klaih","klak-kluk","klek-klok","klala"
"460s461.jpg","klam"
"461.jpg","klambe","klangkang","klangkang pha","klang-klong","klasi","keulasi","kheulasi","klat","keulat","taloe","keuelat","bak klat","bak siklat","kl'at-kl'eut","klayi","samaklayi","samalayi","klayu","kleb","sikleb mata","klep","siklep mata"
"461s462.jpg","klep","kleb"
"462.jpg","kleb-klob","klep-klop","klek-klok","klak-kluk","kleng","klerek","kleueng","kleung"
"462s463.jpg","kleuet","kleut"
"463.jpg","kleumbak","keuleumbak","gleumbak","geudeumbak","kheuleumbak","kleumbu","keuleumbu","kl'eut","klib","klip","klib-klib","klip-klip","kliet","klit","klik","kliek"
"464.jpg","klo","kloe","klok","keureulok","klong","keureulong","klong-klong"
"464s465.jpg","klusong","keulusong","klunsong","krusong","krunsong"
"465.jpg","ko","k'o-k'o","pok-k'o","k'ok—k'ob"
"466.jpg","koh","koi","k'oh-k'oh","koipiet","koipit","kolehai","ube","ala kolehai","kolehak"
"467.jpg","koli","kom","komdian","komodian","komkoma","kompeuni","gompeuni"
"467s468.jpg","kon","koen"
"468s469.jpg","kong"
"469.jpg","bieng kong","kong-kong","kong","kongsi","konsi"
"469s470.jpg","konsa","khonsa"
"470.jpg","konso","konto","minyeuk konto","minyeuk siribee guna","kontom","koreusan","khoreusan","koseumat","khoseumat","kot","bajee kot","picek","kot-kot","meukot-kot","k'ot-k'ot","koteubah","khoteubah"
"470s471.jpg","kra"
"471.jpg","kr'a-kr'i","kra-kra","krab","krap","krab-krib","krap-krip","krab-krub","krap-krup","krabat","keurabat","krabu","keurabu","krado","keurado"
"471s472.jpg","krah"
"472.jpg","krak","krek","krak-kruk","kraleueb","kraleuep","kr'am"
"472s473.jpg","kr'am-kr'um","kram-kr'um"
"473.jpg","kraman","keuraman","kramat","keuramat","krambek","kran","krancang","krandam","keurandam","kranjoe","kranji","krang","krani","keurani"
"474.jpg","krapoe","keurapoe","krat","krat-kreut","kr'at-kr'eut","krawang-keurawang","krawat","keurawat","kre","kr'e-kr'e","kr'e-kr'o","kreb","krep","kreb-krob","krep-krop","kree"
"474s475.jpg","kreh"
"475.jpg","kreh-kreh","kreh-kroh","kreh-kroih","krek","krak","kreng"
"475s476.jpg","kr'et","kr'ot","kr'eut"
"476.jpg","kreueh","kreuh","kreueng","kreung","kreukah-kreukieh","keureukah-keureukieh","kreukah-kreukih"
"476s477.jpg","kreunyai","keureunyai"
"477s478.jpg","kri"
"478.jpg","krib-krib","krip-krip","kribueng","kribung","kriet","krit","krikai","kriman","keuriman","krimen","krimue","krinci","kreunci","krisi"
"478s479.jpg","kr'o-kr'o"
"479.jpg","kroh-kroh","kroh","krong","krot","krot-kreuet","ku"
"480.jpg","kua","ku'a","kuah","kuaih-kuaih","meukuaih-kuaih","kuak","kuyak","kuwak","kuala","kuwala","kuali","kuali beusoe","kuwali","kuaroe","pinto kuaroe"
"480s481.jpg","kuasa","kuwasa","keewasa"
"481.jpg","kuat","kuwat","kubah","kubang","kubayan"
"481s482.jpg","kubek","gubek","cubek"
"482.jpg","kubo","meukubo","kuboh","kuboi","kubok","meukubok","kubu","kucanden","kucapi"
"482s483.jpg","kuchok"
"483.jpg","kuch'uek","kuchuek","kuchuk","kucueb","kucuep","kudangdi","kudangdek","kude","kudoe","kudok","kudon","meukudon","kudrang","kudrat","kuduih","kuduh"
"483s484.jpg","kue","kui"
"484.jpg","ku'e"
"484s485.jpg","kueb","kuep","kub","kup"
"485.jpg","kuee","wee","kueh","kuh","ku'eh","kuek","kuen","kuet","kut"
"485s486.jpg","seupet kuet"
"486.jpg","kueueng","kueuet","kujuem","meukujuem","teukujuem","kujum","meukujum","teukujum","kujreuet","kujreut"
"486s487.jpg","kuko","meukuko","teukuko"
"487.jpg","kuk'uek","guk'uek","kukuet","gukuet","kukoh"
"487s488.jpg","kulah"
"488.jpg","kulahkama","kulam","kulangkah"
"488s489.jpg","kulat"
"489.jpg","kulek","jalo kulek","kulet","kilet","kuli","kule","kulom","kulong",",""kulop","kulob"
"490.jpg","kulu","kulubana","meukulubana","kulup'ieh","meukulup'ieh","kuluteng","meukuluteng","kulutok","meukulutok","kumang","meukumang"
"490s491.jpg","kumbaih","kumbah","brueh kumbaih"
"491.jpg","kumbang","kumbeb","kumbee","kumbai","kumbob","kumbop","kume","kumeh"
"491s492.jpg","kumeun","kumeuen"
"492.jpg","kumo","kumot","kumpoi","kunangan"
"492s493.jpg","kunci","gunci"
"493.jpg","kuncong","puncong","kuncop","kuncob","kunde","kundoe","kundra","gundra","kuneng"
"493s494.jpg","kunjong","kunyong"
"494.jpg","kuno","kunon","kunut","du'a kunut","kunyeh"
"494s495.jpg","kunyet"
"495.jpg","kupala","kupek","kupho","kuphu","sikuphu","kupi","kahwa","kupiah","kupiyah","kupr'oc","kura","kurah"
"496.jpg","kuraih","kurah","kuran","kurangan","kurap","kurab","kure","kurek","kureng"
"496s497.jpg","kureueng","kureung"
"497.jpg","kuro","kurok","kurong"
"497s498.jpg","kuru"
"498.jpg","kuruan","kurubeuen","kurubeun","kuru'et'e","meukure'et'e","kurumee","kramee","kusani","koreusani","khoreusani","jeura kusani","kusuem","kusum"
"498s499.jpg","kusuih","khusuih","kusuh","khusuh"
"499.jpg","kusong","kusot","kuta","kutak","kutayab","kutayap"
"499s500.jpg","kute"
"500.jpg","kutep","kuteb","kuthang","keuteungga","kuth'ang","kutika","kuto","kutob","kutop"
