"9.jpg","ma","mak"
"9s10.jpg","ma'ani"
"10.jpg","maba","mabok","maca","makca","masa","maksa","padang maca","maca Allah","masya Allah","macam","mad","mada","madah","madang","madat"
"10s11.jpg","madeueng","deumadeueng"
"11.jpg","madi","madika","madinah","madon","madu","madzu","mae","ma'e","maha","mahbot","mahabot","mahe","mah'e","mahkom","mahmud","mahraja","mai","bohtai mai","maidah"
"11s12.jpg","maih","mah"
"12.jpg","ma'in","maja","majadi","majai","majat","majed","majeue","majeu","majeunun","meujeunun","meujeunung","maji","maji reuoh","majun","majusi","kaphe majusi","mumama"
"12s13.jpg","makah"
"13.jpg","makam","makan","makbud","makbut","makchok","maken","mangken","makeuen","makjud","maklum"
"13s14.jpg","makmeugang","uroe makmeugang"
"14.jpg","makmu","makmum","makna","mako","makee","makripat","makruih","makruh","makroh"
"14s15.jpg","maksit","maksiet"
"15.jpg","makyu","mala","malaih","malah","malaikat","malakat","malam","malang","malap"
"15s16.jpg","male","malee"
"16.jpg","maleh","malek","malem","maleulum","mali","maliki","malingkan","malikan","malingkan ma'ot"
"16s17.jpg","malo","maloe"
"17.jpg","maloeri","malairi","maloilieng","mandeleng","mam","mam-mam","mama","mamak","mamat","mambang","mameh","mameung"
"17s18.jpg","mamoh","mamoeh"
"18.jpg","mamplam","mampleue","mampleu","mampuih","mampuh","man","manaih","manah","mancak","mancang","manceue","manceu","manceuh","mancong","mancoeng","mandak","mandang","mande","mane"
"19.jpg","maneh","manek","maneuk","mang","mengambali"
"19s20.jpg","mangat"
"20.jpg","mangeu","manggu","mangku","mangkat","mangkong","mangkubumi","mangohta","mangoihta","mangoti","mani","maniaga","manikam","maknikam"
"20s21.jpg","manja"
"21.jpg","manoe","manoih","manok"
"21s22.jpg","manso","mansu","mansoe"
"22.jpg","mante","mantega","meutega","mantek","mantong","mantoeng","mantroih","mantroh","manu","manura","meunura","manusia","maknusia","manucia","maknucia","manyak","aneuk manyak","manyang","manyam"
"22s23.jpg","manyang"
"23.jpg","manyen","manyet","mayet","manyeum","manyum","manyo","manyoh","mapet","mara","mareh","marikan","marit"
"23s24.jpg","masa"
"24.jpg","masalah","masaalah","masaila","masailai","masak","masalan","masam","masen"
"24s25.jpg","maseng"
"25.jpg","maseutuli","mputuli","masli","masose","mat"
"25s26s27.jpg","mata"
"27.jpg","mataih","matah","matalion","matan","matang"
"27s28.jpg","mate","matee"
"28.jpg","mayakani","boh mayakani","mayi","mawaih","mawah","maw'ah","mawang","mawareudi","mawardi","makwareudi","makwardi","maw'o","ie maw'o","mawoe","maw'ot","mbèk","eumbèk","mbeue","eumbeue","teumbeue-mbeue"
"28s29.jpg","mboih","eumboih","heumbôih","mboh"
"29.jpg","mbon","eumbon","mbong","eumbong","mbot-mbot","eumbot-eumbot"
"29s30.jpg","me","mee"
"30.jpg","meeloe","meh","meh-moh","meh-gamoh","mehrab","mèrab","mehram","Muharam","mekreued","mekreuet"
"30s31.jpg","men","kapai mèn"
"31.jpg","menhod","menhot","mensa","mensob","mèt","m'èt","mot","mumet","met-mot"
"31s32s33.jpg","meu"
"33.jpg","meu'aih","meu'ah","meub"
"33s34.jpg","mucahadah","meucahadah"
"34.jpg","meucawarat","meuceewarat","meusawarat","meuseewarat","meuceuhu","meuseuhu","meuceuhurah","meuceurut","meuseuru","meudabah","meuda'i","meudan","meudang","meudeh","meudeuba","meudeuhak","meudeuhab","meudeuhap","meudeuku"
"35.jpg","meudeuli","meudali","meudeului","meu'en","meuen","meugat"
"35s36.jpg","meugoe","megoe"
"36.jpg","meuha","meuh'a","meuh'ai","meuhajana","meuhakamah","muhakamah","meuhalabi","meuhai","meuh'on","meui","tanoh meui"
"36s37.jpg","meuih","meuh"
"37.jpg","meuih-meuih","meuh-meuh","meujan","meujeudub","meujeudup","meujeulih","meug(eu)lih","meupeumai","meujeum'uek","meujeumuek","meujra"
"37s38.jpg","meuk"
"38.jpg","meukat","meukeusud","meukeusut","meukeutob","meukeutop","meukheuluk","makheuluk","meukroh","meukuta","meungkuta","meuhakuta","meulabari","meulaboh","meulaka"
"39.jpg","meularat","meulayu","meuleuha","meuleu'un","meulia","meuligoe","meulila","meulineum","meunineum","meulintee","meulinte","beulintee","beulinte","beunintee","meulisan","meunisan","meulu","meuluek","meuluk"
"39s40.jpg","meulueuek"
"40.jpg","meunajat","meunan","mumeunan","meunang","meunapa'at","meuneupeu'at","meunara","monara","meulara","meunaro","beunaro"
"40s41.jpg","meunaroe","beunaroe"
"41.jpg","meunasabat","meumasabah","meunasah","meulasah","beunasah","beulasah","meunatang","meuneng","meuneung","meuneuri"
"41s42.jpg","meung","meu-"
"42.jpg","meungab","meungap","meungkai","meungkleh","meungoh","meunimang","meunimbang","meunoe","meunom"
"42s43.jpg","meunta"
"43.jpg","meuta","meuntak-meunte","meunta-meunte","meuntroe","meuntui","meun'ua","meu'ue"
"43s44.jpg","meuungki","mungki","mongke"
"44.jpg","meuraba","meurah","meurahek","murahek","meurak","meurandeh","meuranoe","meuranté","meuraksa","meureubo"
"44s45.jpg","meureubok"
"45.jpg","meureucid","meureuchid","meureucu","meureudeka","meureudehka","madeka","meureudom","meureudu","meureuduati","meureugaseutua","meureugoh","meureuhalah","meureuhom","meureujan","jeureujan"
"45s46.jpg","meureuka"
"46.jpg","meureukab","meureukap","meureurui","mengheurui","meureusai","meureutabak","meutabak","ruti meureutabak","meureutabat","meureutad","murtad"
"46s47.jpg","meureuya","meuria"
"47.jpg","meureuyam","meuriam","meuriyam","meurua","meuruwa","meuruah","meuruwah","meurumani","meurunggu","meusabah","boh meusabah","boh musabah","meusape","musape","meusapi","meuse","meuseb","meusep","musep","meusen","meuseuhab","meuseuhap"
"47s48.jpg","meuseujid","meuseujit","meuseugit","seumeugit"
"48.jpg","meuseukat","meuseuke","meuseuket","meuseuki","meuseukin","meuseukot","meuseukrah","meuseukah","meuseuroi","meuseughoi","meuseutai","meuseutak","meuseuti","meuseutoi"
"49.jpg","meusri","meusi","sira meusri","meusru","meusui","meusuwi","boh meusuwi","kulet meusuwi","meutala'ah","mutala'ah","meutawate","mutawate","meutia","meutiara","mibo","keumibo","seumibo","midan","mideuen","mideun"
"50.jpg","mie","minyie","mieng","ming","miet","mit","miga","mija","meja","mijab","mijap"
"51.jpg","mik","mikai","milek","milen","milon","mimbang","minang"
"51s52.jpg","minat"
"52.jpg","mindra","meundra","minet","minom","mintan","bajee mintan","mintra","meuntra","minyeuk"
"53.jpg","mirah","mirahpati","mirapati","miramani","miriek","mirik","miruek","miruk","misé","meusé","masé","meusém","meusén"","
"meuséng","da'i","mise","miseue"
"53s54.jpg","mit","nit"
"54.jpg","mita","mo","moe","moemunah","mogrem","mohtasa"
"55.jpg","mojeube","mojeutahed","mojud","meejud","mok","mokjidat","mokjizat","moklôd","moelod","meelod","mokmin","moktaba","moktamat"
"55s56.jpg","mola","meela"
"56.jpg","molana","meelana","mom","mon","mon-mon","mong-mong","mongka"
"57.jpg","mongken","momkén","mopeuleh","moreusalin","moseulihat","meuseulihat","moseulima","moseulimin","moseutab'ilôn","moseutajeueb","moihtajeueb","moseuta'èb","moseuta'id","moseutahak"
"57s58.jpg","moseutahé"
"58.jpg","moseutaka","moseutaki","moseutakmai","moseutapa","moseutika","moteulak","meuteulak","moto","mu","mu'a","mu'ah"
"59.jpg","muakadah","muakad","muakhirin","mualaih","mualah","mualaf","mu'alam","mualat","mu'além","mualem","mubade","mubaze","mubalarah","mucarapah","mucrék"
"59s60.jpg","muda"
"60.jpg","mudah","mudai","mudek","mudèm","m'ue"
"60s61.jpg","muek"
"61.jpg","muen","muge","mugle","mugréb","mugrép","muhadaih","muhadah","muhammad","muh'ain"
"61s62.jpg","muka"
"62.jpg","mukadam","mukadéh","boitan mukadeh","mukadem","mukah","mukalaih","mukalah","mukalapah","mukamai","mukamè","mukaram","mukaranah","mukhalape"
"62s63.jpg","mukim"
"63.jpg","mula","mulè","kunyèt mulè","muleh","mulieng","muling","mulo ih","muloh","mulok","mumang","mumet"
"63s64.jpg","mumida","mumanyèh","mumeunyet"
"64.jpg","munap'èk","munamph'èk","meunap(h)'"
"èk","mundam","mundo","mundok","munjeng","muntèe","mutée","meuuntèe","munteue","munteu","juteue","juteu","meunteue","meunteu","muntui","munye","munjè"
"64s65.jpg","munjong"
"65.jpg","muparek","muparikah","mupeuti","muphom","murah","murakabah"
"65s66.jpg","mure","muroe"
"66.jpg","muréh","meuureh","meureuet","muri","ija muri","murib","murid","murok","murông","musa","musabakah"
"66s67.jpg","musala"
"67.jpg","musama","musang","musapat","musara","musem","musoh","musreb","meusreb","mutabakah"
"67s68.jpg","mutabat","meutabat","meureutabat"
"68.jpg","mutadarah","muntadarah","mu(n)tahdarah","mutah","muntah","mutakabirin","mutaléb","mutu","myang"

