"206.jpg","ra-ra","meura-ra","rab","raba"
"206s207.jpg","rabak"
"207.jpg","rabbana","rabbani","rabbi","rabe","rabet","rabin","rabioi awai","rabo","rabok","rabok tok"
"207s208.jpg",",""rabon"
"208.jpg","rabong","rabong-rabong","rabu","rabue-tue","racon","radak"
"209.jpg","radat","radot","raga","ragab"
"209s210.jpg","ragam"
"210.jpg","ragoe","raghoe","ragu","rigu","raheb"
"210s211.jpg","raheueng","raheung"
"211.jpg","rahim","rahman","raman","rahmat","ramat","raho","rahob","rai","ra'i"
"211s212.jpg","raja"
"212.jpg","rajab","rakjab","rajah","rajam","rajat","rajawali","siwaih rajawali","rajawareudi","lajawareudi","jawareudi","cawareudi"
"212s213.jpg","rajeu'i"
"213.jpg","rajot","baluem rajot","rajuna","ranjuna","rak-rak","rakaat","rakab","rakam","rakan"
"213s214.jpg","raket"
"214.jpg","rakibah","rakna","rakot","raket","reukot","rakot-rakot","raksa rasa","raksa bale","raksasa","reksasa","reuksasa","raksi","rakta","rakyat","raleue","lareue","reuleue","rali","ram"
"215.jpg","rama","bieng rama","bieng sirama","ramah","ramaih","ramai","rambalui","rambuli","rambang"
"215s216.jpg","rambat"
"216.jpg","rambatu","lambatu","rambee","rambeue","rambong","rambot","rambu","rambui","rambuih","meurambui","rambune"
"216s217.jpg","rame","ramee"
"217.jpg","rameulan","ramalan","ramulan","rameune","rameung","ameung","ramideuen","rambideuen","lambideuen","damideuen","ramien"
"217s218.jpg","rampagoe","rampago"
"218.jpg","rampaih","rampah","rampak","rampang","rampeh","rampeng","rampheuek"
"219.jpg","rampoe","rampon","rampot","rampuet","rumpuet","rampuih","rampuneu","ramson","ransom","ramtaka","rantaka"
"219s220.jpg","ran"
"220.jpg","rana","meurana","ranap","reunab","rancak","rancap","rencana","rancang","rancong","rande","lande","randoe"
"220s221.jpg","randi,""rani"
"221.jpg","rando","rando-randoe","rando-rande","randok","ranok","landok","kameng randok","rang","ranggaih","rangginoe","ranggong","rangong"
"221s222.jpg","ranggui"
"222.jpg","rangkab","rangkang","rangkayan","rangkeuem","rangkileh","ranggileh","rangkilueb","awe rangkilueb","rangoe","rani","gani"
"222s223.jpg","ranjak"
"223.jpg","ranjalee","ranjanet","ranjo","ranyo","ranom","reunom"
"223s224.jpg","ranub","ranup"
"224.jpg","rantam","reuntam","rante"
"225.jpg","rantek-rantuek","rintek-rinteuk","ranteng","ranto","rapai","rapana","reubana"
"225s226.jpg","rapat"
"226.jpg","rapet","rapeueng","raphuek","rapo","rapoh","rasa","raseuden","raseueng"
"226s227.jpg","raseuki","raseki"
"227.jpg","raseule","raseutom","raseutong","rasi","rasia","rahasia","rusia","rasok","rasuat","rasui"
"227s228.jpg","rata"
"228.jpg","ratab","ratah","ratap","rateb","ratee","raten-raten","rateuen-rateuen","rateueb","reuteueb"
"229.jpg","ratoh","ratu","rawa","rawak","rawang","rawatu"
"229s230.jpg","rawe"
"230.jpg","rawet","raweuen","rawan","raweut","rawi","rawoe","meurawoe"
"230s231.jpg","rawoh"
"231.jpg","rawong","rawot"
"231s232.jpg","raya"
"232.jpg","rayeh","rayek"
"232s233.jpg","rayueng","rayung"
"233.jpg","re","reb-reb","meureb-reb","ree","reh-reh","reide"
"233s234.jpg","rek"
"234.jpg","ren-ren","ret","rek","rot","reuah","reuba"
"234s235.jpg","reubah"
"235.jpg","reuban","reuboh-reubah","reuboih","reubong","reubot","reuda","reudee"
"235s236.jpg","reudeub"
"236.jpg","reudok","reudom","reue-reue","meureue-reue","reueh"
"236s237.jpg","reueh-mareueh"
"237.jpg","reuek","reuen","meureuen-reuen","reuen-mareuen","reueng","reuet"
"237s238.jpg","reugam"
"238.jpg","reugeh,""rigeh","reughak","reuhab","reuhak","reuhang","reuhat","reuhiek","rihiek"
"238s239.jpg","reuhung","reuhum","reuhueng"
"239.jpg","reujan","rijan","reujang","rijang","reujoh","reujah","reukah","reukam","reukieh","rikieh","reukueng"
"239s240.jpg","reukeut"
"240.jpg","reumen","reumet","reumieb","reumok","reumon","reumong","reumot","reumeh","reumpah","reumpan","meureumpam"
"240s241.jpg","reuncam"
"241.jpg","reuncong","rincong","lincong","reundah","reundam","eundram","reundang","reunek"
"241s242.jpg","reungaih","reungah"
"242.jpg","reungat","reunget","reunggang","reungget","ringget"
"242s243.jpg","reunggot"
"243.jpg","reungie","reungee","reungkah","reungkah-reungkah","reungkan","reunong","reuntah","reuntak","reunteng"
"243s244.jpg","reunteh","rinteh"
"244.jpg","reunteuen","reunteuet","reunue","reunoe","reuno","meureunue"
"244s245.jpg","reunyah"
"245.jpg","reunyuen","reunyok","reuoh","reuon","reupaih"
"246.jpg","reupang","reupok","reupun","reusab","reusak","reusam"
"246s247.jpg","reusap","reusab"
"247.jpg","reutak","reutek","reuteuek","reutoih","reutoh"
"247s248.jpg","reutok"
"248.jpg","reuya","ria","reuyang","riang","reuyeue","rieue","reuyeuek","rieuek","reuyoh","rioh"
"249s250.jpg","ri","re"
"250.jpg","riba","ribang","ribee","ribot"
"251.jpg","ribu","riek","riet-apiet","meuriet-apet","riget","rihai","rihan","riheut","ringeut","ringut","rihoi","rihon","ahma","ehma","rihot"
"251s252.jpg","ringot"
"252.jpg","rijaloi","rika","rila","rim","riman","rimba","rimbaih"
"252s253.jpg","rimbang","meurimbang"
"253.jpg","rimbat","rimbet","rimbo","awe rimboi","rimee","rimueng","rincek","reuncek","rincu","meunrincu"
"253s254","rindang"
"254.jpg","reula","reule","reuleh","reulek","reuleuek","reulak","meureuleuek","reuleueng"
"254s255","reuleuet","reuleut"
"255.jpg","reulieng","reului","reuloh","reuloih","reulong","reumbang","reumbong"
"255s256.jpg","reumeh","rumeh"
"256.jpg","rindang","rindo","rindu","ring","rin","ringkat","ringkot","ringkhek","rintah"
"256s257.jpg","rintang"
"257.jpg","rintek","reunteuk","runtek","rinthak","ripe","rirak","meurirak","risa","risee"
"257s258.jpg","riseh-riseh"
"258.jpg","risi","riti","riwang","riwat","riwayat","riwayah","ro"
"259.jpg","roe","roh"
"259s260.jpg","meuroh"
"260.jpg","roi","roih","rok"
"260s261.jpg","rok-rok","lok-lok"
"261.jpg","roli","manek roli","rom","ron","rong","ru"
"261s262.jpg","ruah"
"262.jpg","ruaih","ruang","ruat","riwat","rubah,""rubek","rubeng","rubeueng"
"262s263.jpg","rubeuet"
"263.jpg","rubieh","ruboh","ruda","rudi","rudok","rudui","ruduih","ruek"
"263s264.jpg","rueng","rung"
"264.jpg","ruet","ruet-tabuet","meuruet-tabuet","reueng","ruge","rugeh"
"264s265.jpg","rugha"
"265.jpg","rugoe","ruguem","ruhe","ruhi"
"266.jpg","ruhong","ruhot","rui-rui","meurui-rui","ruja","ruji","rujoh","rijoh","rujuek","rukham","rukheuek","rukeuek"
"266s267.jpg","rukok"
"267.jpg","rukon","rukuek","rukyah","ruleuet","ruma","rumaja","reumaja","ruman"
"267s268.jpg","rumbak","rumbek"
"268.jpg","rumbengan","rumbeuet","rumbi","rumboe","rumia","ruminya","rumoh"
"268s269.jpg","rumpak","rumpok"
"269.jpg","rumpang","rumpet","rumpong","rumpot","rumpuet","rumpuen","runcang","runda"
"269s270.jpg","rundok"
"270.jpg","runeu","rungga","runggeng","rungiet","runiet","rungka","rungkeng","rungkheng","rungkhe"
"270s271.jpg","rungkho"
"271.jpg","rungkhom","rungkom","rungkob","rungkueb"
"271s272.jpg","rungkok"
"272.jpg","rungkom","runoe","runtoh","runton","runyoh","rinyoh"
"272s273.jpg","rupa"
"273.jpg","rupaan","rupia","rusa","rusak","rusoh"
"273s274.jpg","rusok"
"274.jpg","ruti","ratu","ruya-ruyoe","rayub","guyub"
