"HPjjyJ6/275.jpg","sa","meusa"
"yqpymPL/275s276.jpg","sa'at","saat"
"X5XxmmS/276.jpg","s'ab","s'ap","sab","sap","saba","sabab","sabap","sabaiah","sabanda","sahbanda","cahbanda","sabda","sapda","sabee","sabet","sabi"
"ZHkt9qN/277.jpg","sabo","sabon","saboen","sabong","saboeng","meusabong","meusaboeng","sabot","awe sabot","sabtu","sada","sahda","sadarahna","sadarakna","sidarana","sadariah","bajee sadariah","sadariyah","sadati","sadatia","sadatiya"
"ZNz5nCQ/277s278.jpg","sadek"
"D50jXgc/278.jpg","sadueue","sadueu","sadeu","sadeue","sadeueb","sadeuep","sadeup","sadeub","sado","sadu","sabdu","sapdu","sae","cae","ca'e","syair","saga","sagai","sagee","saghi","sagob","sagop"
"vPpjJ88/278s279.jpg","sagoe","sago"
"PNwzrtc/279.jpg","sagon","sah","sahbat","sabat","sahed","sahet","saheh","sahya","sai","sa'i","saih","s'ah"
"mbLDM0R/279s280.jpg","saja","sahja"
"RSnt9KF/280.jpg","sajoh","sak","sakdak","sadak","saka","sakai","sakat"
"280s281.jpg","saken","sakinah"
"9wPsNdP/281.jpg","saket","sakeue","sakeu","saki","sakia","sakiya","saksi","caksi","sakti","sala"
"5nzYpgs/281s282.jpg","salah"
"r6P4bkN/282.jpg","salang","salasari","salasilah","saleusilah","salat","salawale","saloale","sale","saleala","salewala","salealoe","saleh","salek","salem"
"Dz6fX8H/282s283.jpg","salen"
"5BnrqBJ/283.jpg","saleubiah","saleubiyah","sipheuet salbiah","saleuek","saleuk","saleuem","saleum","sali","salib","salip","salihan","salhin","salin","saling","salon","salob","salop","silob","silop","saloran","seuloran","siloran"
"h85ZRfG/283s284.jpg","saluk","meusaluk"
"xXc0K22/284.jpg","saluen","salun","salueng","salung","sam","sama","samak","saman","samaniah","samaniyah","samarani","samat"
"VDsN8XW/284s285.jpg","sambai"
"9hV4XM2/285.jpg","sambang","sambat","sambe","sambinoe","sambino","sambo","sambok","sambong"
"nBZqdM4/285s286.jpg","sambot"
"NrV4bhC/286.jpg","same","samlakoe","samlako","samon","sampak","sampan","sampang","sampani","sampe","sampo","sampee","sampeuna","sampena"
"JFSKfDM/287.jpg","sampeuni","sampoe","sampo","sampoh","sampoeh","sampong","samporeuna","samporna","samsi","tatoe tansi","samsu","samue","samuek","samuk","sana","on sana maki","sanamaki","sanah","sanak"
"NZgRFZ4/287s288.jpg","sanam"
"XSbD1nc/288.jpg","sanan","sandang","sandeng","sandra","sandrong","sane","saneen","saneub","saneup","saneut","saneuk","sahneuk","sang","sangat"
"JvVdGy8/288s289.jpg","sange"
"1fRdP6t/289.jpg","sangek","sangeu","teusangeu-sangeu","sangga","sanggeng","sanggoi","sanggroh","sangka","sangkadèk","sangkadu","ulat sangkadu"
"LJmygJH/290.jpg","sangkai","singkoi","sangkak","sangkakala","sangkalan","sangkalasa","sangkeuek","sangkeuk","sangkilat","sangkilue","sangkilu","sangkira","sangkot","sangku","sangkodong","sangkulueh","sangsara","sengsara"
"wNPK1Gs/291.jpg","sangseng","sangsoi","sangsot","cancot","sani","sanien","sanin","sanjak","sansion","santan","santap","santeuet,""santeut","santok","santot"
"5BHx869/292.jpg","sanyeum","sanyum","saoh","sapa","sapra","sapara","sapai","sapeh","sapheh","sapeng","sapeng-sapeng","sisapeng","sapha","saphan-sapha","sapan-sapa","sapi","minyeuk sapi","sapot"
"dG47m98/293.jpg","sapu","sapui","seupui","sara","sira","sarab","sarap","sarah","sahra","sarakata","sarahkata","tarakata","arakata","sarang","sarat"
"XW7wcB2/293s294.jpg","sare","sarek"
"m58nvG0/294.jpg","saree","sareh","sareng","sareuek","sareuk","saripah","sarifah","cariphah","sarok","sarong","sarom","tarong","saruek","saruk"
"gMDxwsQ/294s295.jpg","sasa"
"dByST9h/295.jpg","sasat","sat","satibati","satoh","satu","sawa","sawab","sawap","sawak","sawan","sawang","sawek"
"M8yqsfQ/296.jpg","saweue","saweu","saweueb","saweuep","sawiet","sawit","sawo","teusawo","sawok","sawoek","saya","sayab","sawap","sayak","sayam","sayang","sayed","sayet","sayen"
"wL0g4sR/296s297.jpg","sayeng"
"vcZmR92/297.jpg","sayeuep","sayeup","sayeueb","sayeub","sayong","sayop","se","se-so","seso","seb","sep"
"8zBxLLj/297s298.jpg","sek"
"VvKmQ3V/298.jpg","seksa","ceksa","ciksa","s'eb","meus'eb","see","see-see","seh","s'en","s'em","seng","sep","set","seu"
"BB1nkQ2/298s299.jpg","seuba"
"9qn3KVf/299.jpg","seubai","seubak-seubok","seubaroh","seubat","seubee","seubeueh","seubeuh","sabeueh","seubok"
"HnVdFDL/299s300.jpg","seubon"
"HT9q99T/300.jpg","seubot","seubut","seudadu","sidadu","sereudadu","seudak","seudang","seudee","seudai","seudeukah","sideukah","seudia","sedia","seudiya","sediya"
"300s301.jpg","seudiek","sedik","sediek","teuseudiek","teuseudik"
"0jVQZd7/301.jpg","seudo","seudoe","sedo","seudol","seudong","seudot","seue","meuseue","seue-abeue","seue-abeuek","meuseuek-abeuek","seueb","seuep","seueh"
"8xrwPPy/302.jpg","seueng","seung","seuet","seueue","teuseueue","teuseueu","seugan","seugon","seubah","seuhai","seuhah","seui","seuiet","seuit"
"Qf81dxF/302s303.jpg","seuih","seuh"
"4tC7SSX/303.jpg","seuk","iseuk","seuk-meuk","seumeuk","seukan","sakan","seukanda","seukat","seukati","sukati","seuke","seukeue","seukeu","aneuk seukeu","seukeuem","seukeum","sekeum","seukoh","seukuet","seukut","seulaboh","seuladang","seulala","silala"
"Hh1QTrC/303s304.jpg","seulalu","silalu","seulalo","silalo","silalolalu"
"4MB7hj1/304.jpg","seulamat","selamat","silamat","seulampee","seunampee","teulampee","lampee","seulangat","eungkut seulangat","seulangke","seunangke","teulangke","teunangke","seulasa","seulaseh","keulaseh","seulasi","pade seulasi","pade paseh","seulatan","seulawaih","seulawah","silawaih","seulaweuet","seulaweut","silaweuet","silaweut","laweuet","laweut","seulayoh","pisang seulayoh","seuleng","sleng"
"7RScvZL/304s305.jpg","seuleuah","seleah"
"C6BJJ12/305.jpg","seuleudan","seuludan","seuludat","seuleukom","seleukom","seuleungui","seuleukong","teuleukom","seuleungeui","teuleungui","seuleupok","teuleupok","seuleupong","leupong","ranub seuleupong","seuleusak","seuleusoe","seuligoe","seulimbot","limbot","seulimpok"
"F3TVpws/306.jpg","seulingkong","silingkong","lingkong","seulingong","seulio","slio","hlio","lio","sio","seulipok","seuleupok","teuleupok","seulisen","seuleuseh","seuludang","senudang","seunudang","ludang","seulugot","seuluka","siluka","seulumang","seulumat","seulumpuek","slumpuek","peulumpuek","plumpuek","lumpuek","lumpuk"
"sg1FCv7/307.jpg","seulurut","sulurut","seulusoh","sulusoh","seuma","seumadeueng","seumadeung","seumah","seumbah","seumak","seumalu","seumanga","seunanga","seulanga","keunanga","seumangat","seumanggi","seumantok","seumantong","seumanyam"
"nCdPdmh/307s308.jpg","seumaran"
"0CFvGgh/308.jpg","seumat","seumatu","pisang seumatu","seumare","seumayang","seumbilang","seumilang","seume","seumen","seumeng","seumeu'ah","seumeugah"
"S0HC0Qv/308s309.jpg","seumeuleh"
"qx4Bkcn/309.jpg","seumeuleue","seumeunga","seumeungeub","seumeungeup","seumeusan","seumilôk","seumilu","seumintong","seulintong","seunintong","seumirah","eungkot seumirah","seumisek","naleueng seumisak","naleueng seumisek","seumong","seumpon","seumpom"
"c67TvMS/309s310.jpg","seumueng","seumung","seumbuang"
"DR3MR58/310.jpg","seun","seunagan","senagan","seunak","seunam","seunamaki","seunampang","sinampang","seunang","senang","seunanyan","sinanyan","seunat","sanat","seunbreun","sumbreun","sonbron"
"QFpw5G1/310s311.jpg","seunda","senda"
"tBGR6g7/311.jpg","seundan","seudan","seundet","seundi","seuneubôk","seunubôk","neubôk","seuneurét","seuneurô","seundro","seungak","sangak","seungam","seungap","seungat"
"311s312.jpg","seungeh"
"R9m9Kb4/312.jpg","seungeu","seunggôk","meuseunggôk","seumeunggok","seungka","seungkak","seungko","seungkoe","seungkoh","seungkom","seungo","seungue","seungu"
"312s313.jpg","seuni"
"QbNKF7H/313.jpg","seunibai","seuninya","suninya","seunoh","seunom","seunong","seuntagi","seunteesa","seuntoh"
"313s314.jpg","seuneut","seunuet","seunut"
"BwgFMW7/314.jpg","seunungkee","seunungke","teunungkee","teunungke","seulungkee","seulungke","seuob","seuop","seuon","seuot","seupah","seupat","ikan seupat","seupatu","sipatu","seupaya","supaya"
"314s315.jpg","seupeh"
"KVCc4h1/315.jpg","seupeng","seupet","seupeuek","seupeuk","seupreuek","seupreuk","seupeueng","seupeung","seupoh","seupok","teuseupok","seupot"
"315s316.jpg","seurabe","srabe","apam seurabe"
"SsGfmXS/316.jpg","seuraden","siraden","ceuraden","seurapa","srapa","seurapah","seurapat","srapat","seurapi","srapi","eseurapi","seurawa","srawa","seuraya","sraya","seureuba","seureuban","sarbaad"
"316s317.jpg","seureubat","syarbah"
"WymQ3PY/317.jpg","seurabok","seureubok","seureukab","seureukap","seureuke","seureuku","seureulah","meuseureulah","seureuleng","seureuloe","seureulo","seureulong","seureuma","seureumpee","seureumpe","seureumpeh","jalo seureumpeh","seureunga","meuseureunga","seurengga"
"317s318.jpg","seureungkang","meuseurcungkang"
"qBtgfmT/318.jpg","seureupa","seureupeh","seureuta","seurideng","seurigab","seurigap","sirigab","srigab","rigab","seureugab","seurikui","srikui","seurindet","srindet","seuringket","teuringket","layeue teuringket","seuriphiek","sriphiek","seuriphik","seuriweuen","sriweuen","sriweun","seuriwoe","seuriwo","sriwoe","sriwo"
"7KyLnXY/318s319.jpg","seurubeuet","seurubeut","serubeuet","serubeut","srubeuet","srubeut"
"MBYW83y/319.jpg","seuruja","seurukan","srukan","surukan","seurune","srune","seurunoe","seuruno","srunoe","sruno","seurunoh","srunoh","meusurunoh","seusa","seusak","seusai","seusawi","sisawi","sawi","seusiah","aneuk seusiah"
"HFbvt8D/319s320.jpg","seut","s'eut"
"25fPxPb/320.jpg","seutawon","seutek","seutet","seutot","seutoet","seutia","seutiya","seutuek","situek","seutuk","seutui","seutuy"
"f2khWd3/320s321.jpg","seuu","seu-u","seu u"
"4T3M7G7/321.jpg","seuuem","suum","seuum","suuem","si","sia","siya","siade-ade","siah","syiah","ciah","siakap","sialee-alee","sialee","sialet","sialet-alet","siam","siyam","siem","siamang","siyamang","siawan","sriawan"
"BgT8hmx/321s322.jpg","tiba","pineung tiba"
"R0jq49B/322.jpg","siba","siban","mubalek siban","sibang","sibe","sibeuranto","siboe","sibok","hibok","sibon-sibon","sibrang","sibu"
"Sft9kgy/322s323.jpg","sida","sidha"
"cXd2RTz/323.jpg","sidab","sidap","sidak","sidalingga","seudalunggam","sidanggilan","sidek","sideh","sideu","sideue","sididi","pisang sididi","pisang lidi","sidiek","sidik","sidom"
"mDkRb2w/323s324.jpg","sie"
"NyG9RxZ/324.jpg","sieb","sib","siep","sieng","sing","siet","sit","sigak","sigala","sigaloh","sigareng","sige","zegel","sege","sigeudeu","sigeudo","seugeudeu","seugeudo"
"CPW72r7/324s325.jpg","sigeuduk"
"Nt3VDcR/325.jpg","sigong","singgong","sigra","sih","sihat","sihe","sijahtra","sijatra","seujatra","sijaloh","jijalon","sijarato montaha","sijaratoi","sijaraton","sijaraton montaha","sijeue","sijeu","sijin","sijot","seujot"
"WyxqXbc/325s326.jpg","sijuek","sijuk","seujuek","seujuk"
"JnK3t0y/326.jpg","sikabu","sikali","sikalilawa","sikataren","sikatareh","sikawot","sikeulian","siklian","sikie","sikin","sikrop","sikrob","sikrut","sikula","sikuna","sikundo","sikupan","on sikupan","sikureueng","sikureung","sikutu"
"J57s2tr/327.jpg","sila","sila-ade","silang ade","sidang ade","silak","silampara","silangpara","silan","silang","silap","silab","silat","silek"
"1s803cY/328.jpg","silee","siliek","silik","silipat","silo","silong","batee silong","siluweue","siluweu","seuluweue","luweu","siluhok","siluit","siluwit","simak"
"WVWpFwd/328s329.jpg","simadon"
"1dHtFwB/329.jpg","simban","simbang","simbat","simbeng","simbo","simeugalang","simeuntaran","simeutaran","samataran","simeureulet","simeureulueng","simeureulung","similan"
"G3wm1rQ/329s330.jpg","simpan"
"m6FtHNn/330.jpg","simpang","simpe","go simpe","simpi","simplah","simplaih","simprak","simpreue","simpreu","meu simpreue","meu simpreu","simu","simbu","baak simu badeuek","simua","simu'a","sina","sinar","sinan","sinaroe","sine"
"Z26vW3K/330s331.jpg","singa"
"SKzwr5m/331.jpg","singet","sihet","sih'et","singgah","singgahan","singgasana","singgam","boh singgam","singkat","singke","singkla","singklet"
"7WMNhQh/331s332.jpg","singoi"
"fxgYdDc/332.jpg","singkreuet","singkreut","singkruet","singkrut","singoh","sinja","sinya","sinoe","sino","sinthak","sintak","sinthob","sinthop","sinthong","sitong"
"xf9BDHg/332s333.jpg","sintue","sintu","santue"
"p4XNpph/333.jpg","sinubari","sinurani","sinyata","seunyata","sinyok","sinyhok","sinyom","sinyoman","sipak","sipat","sipatah","sipato","sipe"
"8sBwRYJ/333s334.jpg","sipeureuti","sipreuti"
"txNnt4J/334.jpg","sipheuet","sipheut","siphah","sipot","siprai","sipre","ija siprai","sipreng","sipring","sipu","sira","siram","sirama","bieng sirama","bing sirama","sirang","sirap","sirab","sirat","kitab sirat","kitap sirat","sirep","sireb","sireuk"
"ftPtyC1/334s335.jpg","sireuek","teusireuk"
"YN4NqbF/335.jpg","siri","sire","siron","siren","sirong","siruncien","siruncin","siruncieng","sisat","sisek","siseue","siseu","siseuek","siseuk","sisi","sisikat","pisang sisikat"
"1vWFwkY/335s336.jpg","sisob","sisop"
"PT2QRMd/336.jpg","sisurok","seusurok","sita","site","siti","situbami","sitree","sitre","siu","siwa","masiwa","masiwalah","masinwalah","siwah","siwaih"
"zFXfSL4/336s337.jpg","siw'eut","siweut"
"jwV523g/337.jpg","siwo","siwong","slimeng","seulimeng","so","meuso","teuso"
"b157ZHh/337s338.png","sok"
"kDZzmjq/338.jpg","sobeuha","sobeunahallah","subhanallah","sobeuhan","soe","soe gumoe","meusoe gumoe","soh","soh sah","sah soh","soi","soida"
"DCfzwNC/339.jpg","soiden","soidi","soidina","saidina","seksama","soleubi","som","son","song abong","meusong abong","soseue","soseu","sokseue","kokeue","popeue","sra","meusra"
"xYRgh7Q/339s340.png","srab","rhab"
"2hCgCQQ/340.jpg","sr'ab","sr'ap","sr'ab-sr'ueb","srabe","seurabe","srh","rhah","srah","peusrah","srahet","seurahet","sirahet","srahi","seurahi","surahi","sra'aih","sr'ah","cr'ah","cr'aih","srak","rhak","rak","srak srok"
"CMP9B4S/341.jpg","sr'am","sram","sramoe","sramo","seuramoe","seuramo","srampak","seurampak","srampang","seurampang","srampee","srampong","seurampong","aneuk srampong","sr'ang","srang abrang","sranggong","srani","seurani","sranta","seuranta"
"XYyLTJ7/341s342.png","srat","rhat","rat"
"NSC7ph8/342.jpg","srayueng","srayung","seurayueng","seurayung","sreb","musreb","sreh","meu teusreh","srekaya","sekaya","seekaya","sroekaya","srokaya","sreng","rheng","reng","sreueng","sreung","sreuet","sreut"
"QHkZsTX/343.jpg","sreut","seunsreut","seunreuk","sri","sr'ieb","sr'iep","sriep","""srieb","srib","r'ieb","r'iep","sr'ieh","cr'ieh","sriet","rhiet","riet","srob","srop","rob"
"tD7XLG5/343s344.png","sr'ob","sr'op","srob","srop"
"8z6j5bk/344.jpg","sroe-bangoe","sroe-broe","sroepada","sroipada","sripada","sipada","sraipada","croipada","troipada","sroh","rhoh","srok","rhok","meusrok","srom","rhom","sron"
"yR60tJ6/344s345.png","srong"
"Qj0X3WD/345.jpg","srot","rot","sru","srue","srueng","srung","rhueng","rhung","srui","rhui","srungguek","srungguk","seurungguek","seurungguk","su"
"gvJqkrM/345s346.png","sua","suwa"
"m02LHHG/346.jpg","sua-sua","suasua","bulee sua","su'adah","suadah","sa'adat","saadat","suak","suwak","suaka","suami","sawami","suang","suara","suwara","suasa","suwasa","subang","sube"
"dMGQtjy/346s347.png","suble","subleh"
"7GqDxy8/347.jpg","subo","seubo","suboh","subok","subra","suci","suda","sudah","sudan","sudeh","sudeuen","sudeun","sudi","sudok"
"zbzQ3s9/348.jpg","sudu","blangong sudu","sue","suek","s'ueb","sueb","suep","s'uep","suet","sut","sueue","sueu","suai","suganda","seuganda","siganda","sukanda","sugang","sugara"
"BPCtNmQ/348s349.png","sugoe","sugo"
"DpXByPg/349.jpg","sugot","sugoet","sui","suja","sujadah","sajadah","sujoe","sujud","sujut"
"G3qZK9k/349s350.png","suka"
"GWqHrYg/350.jpg","sukadana","sukaleuet","sukaleut","saqirlat","sukat","sukee","suke","sukai","sukla","sukom","tangkulok sukom","tangkulok asee kom","sukon","sukoen"
"FX1wMrL/351.jpg","sukot","sukree","sukre","sukreuet","sukreut","suku","sula","sulaih","sulah","sulam","suleng","sulet","suleueng","suleung","sulie","suli"
"Hz0KRXp/352.jpg","suliek","sulik","puliek","pulik","sulok","suloek","suloh","suloih","suloeh","suloiman","sulong","sulop","sulob","sulu","sulutan","suma"" ",""
"GJDvDyt/352s353.png","sumbang"
"BPJZbfW/353.jpg","symbeng","symbing","simbing","sumboe","sumbu","sumu","keusumbu","sumon","sumpah","sumpai","sumpieng","sumping","meusumpieng","meusumping","sumpit","sumpib","sumpip","sumpueng","sumpung","seumpeueng","seumpeung","sunan","sunat"
"Rhqr6V1/354.jpg","sundak","sundek","sundi","kepala","sundusen","sondusen","sunggoh","sungiek","sungik","sungkap","sungkab"
"SxVkW6Z/354s355.png","sungket"
"Y0BKGrC/355.jpg","sungko","sungkho","sungkob","sungkop","meusungkob","meusungkop","sunglap","sunglab","sungoe","sungsang","sunut","sunti","boh sunti","asam sunti","suntiabu","suntok"
"z8PH4Dw/355s356.png","sunyu","sunyung"
"3fXjT5Z/356.jpg","su-oe","supak","suphi","supi","surah","surak","suram","surang-sareng"
"fd9TsS9/356s357.png","surat"
"Fn8m90h/357.jpg","sure","sureng","meusureng","sureuen","sureuet","suri","surien","surin","surieng","suring","seunurieng","seunuring","teunurieng","teunuring","peunyurieng","peunyuring","suro","suroe","siuroe","suroh"
"k2tn9fH/357s358.png","suroi"
"4tMQwJV/358.jpg","suron","surot","suruek","suruk","seuruek","seuruk","meu teusuruek","surugui","meusurugui","surukhok","meusurukhok","surung","susah"
"qjdbML5/358s359.png","susoh"
"fFkNrRj/359.jpg","suson","susoen","susop","susob","susopan","susot","susu","susue","susupan","sutra","suyak","suyok","suyong"
