"469s470.jpg","u"
"470.jpg","'u","uba","ubo"
"470s471.jpg","ubah"
"471.jpg","ubak","ubat","ubayang"
"471s472.jpg","ube","bube"
"472.jpg","ubi","ubeut","ubit","ubiet","ubiri","bubiri","bubit","ubo","ubo-ubo","uboe","uboih","ubon","ucap","ucab","uce"
"473.jpg","ude","udeh","udek","udep","hudep","udeb"
"473s474.jpg","udeueng","udeung"
"474.jpg","udo","'udo","ue","'ue"
"474s475.jpg","ueh","uh"
"475.jpg","uek","uk","uem","um","uet","ugah","ugahri"
"476.jpg","ugoh","ui","uih","uja","ujeuen","ujeun","hujeuen","hujeun","ujob","'ujob"
"476s477.jpg","ujoe","ujo"
"477.jpg","ujong","hujong","ujud","wujud","uk","uka","bruek uka","ukum","uke"
"477s478.jpg","ukheue","ukheu"
"478.jpg","uko","ukob","ugob","ugop","ukoh","ukoran","ulah","ulaih"
"478s479.jpg","ulak"
"479.jpg","ulak-alek","ulam","ulama","'ulama","ulanda","blanda","ulang"
"480.jpg","ulat","ulaya","ule","uleh"
"480s481.jpg","ulee"
"481.jpg","uleebalang"
"481s482.jpg","uleue","uleu"
"482.jpg","uli","uliek","ulik","ulien-ulien","ulin-ulin","ulim","ulek-ulek"
"482s483.jpg","ulok-ulok"
"483.jpg","ulon","uloen","ulu"
"483s484.jpg","'um"
"484.jpg","uma","duen uma","umang","umat","umbak","umbang","umbi","umi","umet","umeui","mi"
"484s485.jpg","umom","umum"
"485.jpg","umong","umpama","upama","umpeuen","umpu","eumpu","umpoe","eumpoe"
"485s486.jpg","umu","'umu"
"486.jpg","unab","unapw","unak","hunak","unam","uncong","ncong","unda-ande","undang-undang"
"486s487.jpg","undi","uni"
"487.jpg","undie","ndie","undo","uneu","uneun"
"487s488.jpg","ung","ueng"
"488.jpg","unggaih","unggah","unggai","unggoi-unggoi","ungiek","ungik","ungka"
"488s489.jpg","ungkab","ungkap"
"489.jpg","ungki","ungkok","meungkok-ungkok","ungu","unja","unjak","unjam"
"489s490.jpg","unoe","hunoe","uno"
"490.jpg","unoh","unoih","unosan","unok","hunok","unok-unok","hunok-hunok","unta","untee","meuuntee","muntee","untie","untieng"
"490s491.jpg","untong","untoeng"
"491.jpg","untot","unyat","hunyat","unyen","unyon","nyen","up","upa"
"491s492.jpg","upah"
"492.jpg","upaih","upak-upek","upam","upama","umpama"
"492s493.jpg","upat"
"493.jpg","upeh","upeuse","upeuti","upati","mupeuti","upie","ura","ura-ura","uraih","urah","hura"
"493s494.jpg","uram"
"494.jpg","urat","ure","hure"
"494s495.jpg","ureh","ureeh"
"495.jpg","ureng","uret","urot","ureueh","ureuh"
"495s496.jpg","ureueng","ureung"
"496.jpg","uri","urieng","uring"
"495s496.jpg","uroe","uro"
"497.jpg","uroh","urong"
"497s498.jpg","urot"
"498.jpg","uru","uruih","huru","huruih","uruek","uruk","urupah","urut","hurut","use","huse","usen"
"498s499.jpg","useueng","useung"
"499.jpg","useuha","usi","uso","'ucho","usui","usoe","husoe","usuih","usuh","usulodin"
"499s500.jpg","husong","usong"
"500.jpg","ut","'ut","uta-uta","utak","utama"
"500s501.jpg","utang","hutang"
"501.jpg","utara","uteuen","uteun","huteuen","huteun"
"501s502.jpg","utoih","utoh"
"502.jpg","utom","utoem"
