
"503.jpg","wa"
"503s504.jpg","wa'at"
"504.jpg","waba","wadan","wadi","wah","wahab","waham"
"504s505.jpg","wahe"
"505.jpg","wahed","wahi","wahwoe","wawo","wai","muwai-wai","wajah"
"505s506.jpg","wajeb","wajep"
"506.jpg","wajeb","wak","wak-wak","uak-uak","wak-wek","wakaih","wakah","wakeb","wakeueh","waki"
"506s507.jpg","wakilah"
"507.jpg","waktee","walak","walee","wali"
"508.jpg","waliolah","wallah","wallahi","wallahu alam","wan","wan-wan","won-won","wandi"
"509.jpg","wang","uang","wangkang","wangsa","wansa","wangsi","wanta","wap","wapeuet","wapheuet","wakpheuet","waphak","wara","wareua","warak","warang","wareh"
"510.jpg","wareuna","warna","wareuta","warta","warong","wase","wasiet","waksiet","wasit","wat"
"511.jpg","watee","waktee","wateueh","wati","wayang","we-we","wee","weh","wehweueh","wahweueh"
"512.jpg","wei","aneuk wek","weleudah","weleuman","weng","wet","wot","wet-wet","wet-wot","weue"
"513.jpg","weueh","wexek","weuk","wie","wiet","wilayah","wite","wo","woe"
"514","wuh-woh","muwoh-woh","won-won","wen-wen","wan-wan","wot","wujud"
